id,user_name,user_image,user_role,time_passed,text,media,likes_count,comments_count,group
1,Alexander Knight,https://images.unsplash.com/photo-1603617902802-1a72cc4a50c8?ixlib=rb-4.0.3&ixid=MnwxMjA3fDB8MHxwaG90by1wYWdlfHx8fGVufDB8fHx8&auto=format&fit=crop&w=959&q=80,Investment Banking Analyst at Goldman Sachs | HSG MBF,5 Min.,"I am thrilled to share that I have recently joined Goldman Sachs as a IB Analyst! After graduating from the University of St. Gallen, I am excited to take on this new challenge and grow my career with a company that aligns with my values and interests.<br><br>#Goldman #IB #banking #Achievement",https://upload.wikimedia.org/wikipedia/commons/thumb/6/61/Goldman_Sachs.svg/1024px-Goldman_Sachs.svg.png,376,42,treatment
2,Amelia Sophie Patel,https://images.unsplash.com/photo-1494790108377-be9c29b29330?ixlib=rb-4.0.3&ixid=MnwxMjA3fDB8MHxwaG90by1wYWdlfHx8fGVufDB8fHx8&auto=format&fit=crop&w=987&q=80,Strategic Account Manager at Google | ex-Amazon | M.A. HSG MBI,2 Std.,"I am thrilled to share that I have recently joined Google as a Strategic Account Manager in their Dublin Office! After months of hard work and dedication, I am beyond excited to start my career with one of the most innovative companies in the world.<br><br>#Googler #Success #NewRole",https://logo-logos.com/2016/11/Google_logo_logotype.png,210,1,treatment
3,Benjamin Carter,https://images.unsplash.com/photo-1639747280804-dd2d6b3d88ac?ixlib=rb-4.0.3&ixid=MnwxMjA3fDB8MHxwaG90by1wYWdlfHx8fGVufDB8fHx8&auto=format&fit=crop&w=987&q=80,Incoming Business Analyst at McKinsey & Company | ex BCG,3 Std.,I am beyond excited to share that I have recently joined McKinsey & Company as an Associate Consultant in their Zurich Office! After years of hard work and dedication I will start my career with one of the most respected consulting firms in the world.<br><br>#McKinsey #Consulting #HardWork #Success,https://universitaetstgallen-my.sharepoint.com/:i:/r/personal/jan_krummenacher_student_unisg_ch/Documents/AIBS_Media/NewRole.gif?csf=1&web=1&e=rvde4W,42,9,treatment
4,Caroline Cheng Park,https://images.unsplash.com/photo-1619895862022-09114b41f16f?ixlib=rb-4.0.3&ixid=MnwxMjA3fDB8MHxwaG90by1wYWdlfHx8fGVufDB8fHx8&auto=format&fit=crop&w=2070&q=80,Associate Consultant at Bain & Company | Strategy | Consulting | HSG & Harvard,22 Std.,So happy to share that I accepted an offer from Bain & Company as an Associate Consultant. I am excited to take on this new challenge after my studies at the University of St.Gallen and grow my career.<br><br>#Bain #Happy #NewRole,"data:image/png;base64,iVBORw0KGgoAAAANSUhEUgAAAZgAAAB7CAMAAAB+Qmb/AAAAkFBMVEX////LICbLHSPIAADKGB/pqKrJAhDKGyHJCBPKFBv77O3mnZ/bb3LJEBjWV1rJAA301dbfgIPRP0PQNDnIAAbOJy3UUFT66On++vrnoqTXXWH99fb34OHyzM322tvZZWjbdXjvwcLtuLrlmZvTSU3tubrQOT7OKzHghonjkpXqr7DYYmXghIfvwMLUTFHSREgwk6R1AAAZQ0lEQVR4nO1d53ajOBQGgWkxlgsuCcYlxS2T+P3fbpEAcdVAYDtzzmTv2R87MQhJn3R1uyzrf7ofrZbZ4LT9ns7mNqX5bPq9Pb3+7W79bkqzp5c5ToLYRchmhFDoZH+7a7+YlpetnQQhQIRRMiifWe1eo7/ayV9H6eUlxkpQcgp27LmR425f07/Xz19Gm4mNXQ0qth1eV+zJc4BCPP+z+Yud/T20H+FYi0p+xIRr8Cwmf4m9l79/6KyWj21/3f7IQ+nr6rgSFm4Y4IqcPXg6Cspd5LwbQbMei7Rer6O78MKPz+7vRFxXVo3Pnnedmt6Yt2xC2UKABeWQxLPR7u3ykWXjTZZ97LkXpn75oOu8jNvb3zoiYRyE9myxe9rfuOLfk+4M9ZnrSrMc8+QMuzR9NG+5naJdwsHiB3j++ZZFDYDvwvrswZPWDgxDW0GIbMkkvp6y/ktr78S7zi8NPCjTtAATBKMO3WMrlszMjcAMUAxnK8bTc9bGZS4OHJp9aXlcDUy1DmI8O/cdw8JFcedjoBswdvxuznTvB8xyhMGR7ybzkwFrspazBMw1Sj6bGVIjMKSBIDz3OnGyxLbjP13f6giMHR6M+e3dgLm4YM5C5/vVdNtm2wRstBh9ND3cBkwOjTffN7WgoZeQ7PGux1RXYOxwbnqQ3QuYnVNvF9cZdZJ+15OghgY5k4ZH24HJOZrz1rn7Y0yn9tTxtc7A2K5rODX3AWY5Dep5wYvOSslyiGupwfvW98MEGNt2zl07sKXtIrfjDHQHJme2Zhv6LsBkdj1fwayRF7FuCv8eL+oTKpxrTyczYGxHbL6FNuUEBx0R7QGMjXCbhEPpHsC8BqwRF5+Mzt6TLf1p4LNJ92PdqjIExnZMBA+5WYS6SQ59gMmZ9bNB03cAZpCwtR4czLjYR4Llc3b5gqt2ENY4bDhgXGJI8IJQYZZzr11GsGaM2Ot2PPUCxozV3g7ME8MFOUMzUWztouSruSnmGeAJAuO+vF4ul8HbbjFPAjAMSokRQy1px2QPhDqpqD2BsZMmAaegm4F5Zhqij9WTKdFqGtqxctGM68PKUTYGganVjtXmeYr5beOOzIewBlOGTdgMo77A2Lh1Cd8KzIDhEtqmwtgw76L7rvwpemecOFFxMw4Ybtl9zPnjp4NOMgF6FDp22TK9gbG9l5bT7EZgvhL28sHUoPFM3kGhumOrbTVWhBUSgB4YK7pyyOhOKZkizklhuu0p9QfGDt6bH78NmDEbU3w1fXlcYKmVm3aVCIBiWUtuAMZa2nCCze0rf7gZ8w8dtswNwLSZZ24CJjpWaqG5eS6aF1/0tMycIeMepUabgLEG2AaDMXWvRIJXz0zNKL94AzAt5pmbgFlU0xROjeX/UcnQQ713giETSyd4IzDpHFpRvw07dBYmzO8gad8EjO2GDafyLcCcqm65R+M3T4xRzfQPfVZjwKLs1giM9Ql+NZ3f1Be1oA6S9m3A2MjTm2duAOarEsiQa+zI+GDCgo31L63YOZ4IPW8G5gTEK1Ng3uSFrBYYVXQjME3mmf7AROysVYlPaloDJR03LEzWti/sxWZg4CS7C6MecexPsxr0dCswuVKgO2r7A7Otlic2thimV6V+qKCs4nggBo2QOTANZxikZzi13TC17gBMvgo05pnewHxUjCw2jy4Zwr41n85PFTL88jVnZYHRcklnykhRU1X5DsDozDN9gWEsAM2N33pOYIeQ2yjJjUoI/BnUK5qB2YJfsZF9GUrYNUShqT3nHsDYeKt6vC8wp+ozSsuJksaO0KHGdbmuAmw5yaxZXAZz6x9MurSageEf67cTQ6/BXYCxvZFiifYEZh2UowiVcKsosgWu0cJsnsvFjOCAmxVMME1mB9+l3sPu56V+PXwxG9N9gMnVc/nVnsAM42rWjG2FI9HH1Ybpe2lWgPFejSYZIGChuYnGuwKjd/YpyBVxzGIm7gSMyjzTD5hx1SHP2Bd7wmJv0KzZKsUkM6DxNACznIJgQ8eIwQKtirA+YGU2lOnuBYwdHsWV0A8Y5oo1WpiEXiVc8pG06KWVIg+2jBaY1QABXDyzeb3WrxBNbwz6iI22zN2AkaNnegHDPEvGbqW1KiujzTK/qRa0xza62lEW7f8coaMs+DayEO9raQTZ5I1RDZRZvGxvYJAUu4Aw79PtBUy159Hc0ES+mkoZALaBZb4Sf+t4LwgMej9N/kyGL9c5TjgLsWcYIww2TBEeA7e1Z2Jm6gtM/DaUObvDmWf6ABNVy984dGGo3MatRqlKwEZ2xTG5YAwU5xS6ghXSTyZmuGRgw8R06CmQmGUtSUF9gQmeaxN63YkESpJ9gKm0MuP4OF6zrHvS+n4lmDFbX3v4kjtVhXmoaCEzLuACQKGBvHkDMNZJnhRonukDTMUCwp3Z85kaFwPTx6VcAsx61QoMupoGB8NeeeVLMCzDJF72FmCsJ0HhzgnX27QHMONqRM2qO6PKZylT0MYKmbMkKGeufcf4sWHa4AvIzGH6JDDqmPCDm4CxLo4kEdXmmR7AVNYYZOgdlzTL+oOt9s8qr6mC0CQSM0xGBrsGysa1oXQPtpFBvOxtwOR6lIRMsCgntQcwlUE2NouNlzVLRu1SXTVRlZxgFiIbGoQ6gr0BhZBDPR8G8bI3AmNloSStxtOime7AbCrWaMbJPmROWlOrGsfskqX0ahq7nKjsgtwooF0NyKnQP9MudN4KjLWZS8iEMzrU7sCwqHUjrX+tq8IgTYmaqoVdhnuZAsMWno6GICMHBuNEQReD283AWMuZNCKXRs90B6ZSj43syulVpVnW09eqLFRDL79mDExLQNUGzhK3MUC2bkOIldC7/sBY0RUmrhbIEPNMZ2BSpl2amGPUmiUjf9rWQHVGl8eRHO1PSwc4OJBsPkGTvWwHNgw/bOg1ao2XvQMwVrqQ5ggFX92BGXc5YjSaZU1x2yeZp7TIwofAhLtoWdAmu5xHYSJszgYX3hKaR4Rd+w6aaYuXvQcwlvWpMM98vIOFZgQM64vB01rNklF7fawRp/w3mP3TrwUf8e/r1zsMI3cEo9gFepsbgt8I3QcYhXnG5vibETDV1LRzIdlnKVOrisnmsICh2ef/xcs42vW+BDZP+agEBjM7aZZO7gRMk0phDMy15H0GscF6zZJRexpLJb8WQTXNwFhrOKn6mL8TmKNwN3jmaLAA3L1l+d0LGOsJN61hE2CY/7U9mr5lGVBCfquKyZ3+LcDUXk9Kidp0z4eRh55AnAGpOdbkbsDkDLQBGRNg1ljbtkAqn6VMrc71MXPKkd61AcNFMOl4mRhG3kTNron7AWN9eXpkTIDZM0d8i/txnDSqlmzu2lTMdXUMUghbgYHGLo0bMtXXuFNQY7zsHYGxslhn6zUChu2DtoDlzdun7WirL9bfbPPOs2mkrtdWYCI4VepY1ydFVKyeGuNl7wmMtbF1Z7IJMKx5gzDS1fqyO3g4blqhqC0wjx1qHtlbrcBYMEhc2XjaLity1DTQuwJjLQ8aZEyAYeHBpmXXov15gbCn3Tpey0dXlaBFB9MOzKENGFUYeRM1xcveFxgrepfMM8bAMFNSl3p4afa8nQVYyUTbWGINDPGItwNzbAFmpQwjb6KGKOg7A2OlL0q5xASYYR9gCK02r5NrmEg2rTZ3FAOGVgZoBYY72VWKzMBIWOSmRa+x3RsYa7VVdc8EGJZNZ5yqACnnayPb4fham4pZK05GwHCR64op5cLIDUnvNbo7MKS+2I3AmKeRCZSOB8NjwvhaHZqkedztBAy0gql8rNASZiM9cfOidXA8ABjrJCPTDZib7k1Yv06mQcHXvOaUB6bHGAGz5ni0oo/Qmu7O9MSr/7rgv0cAYz1JMRomwLDYklbNv5Wi7O1ljj110RhGLH7dBJiUj/iUSzyBMHKi1K90xJnT9MrWQ4CxLqIRoNPh372yp4oIX2v2YjJTgwEwY14RUJhToLOl0Qy25A5hXYb1Y4CxvgT5tZO4bJrbcysxtaNVXB7vAt5VJpvKvsCGQcfG73K+Up0L/EHAWJnLjaSTgmngj7kLsdO8QcFMo/HrnykWtDNFLMU39E42T84YGt109WUfBYy1sSEynUwyyDSg9kZiqRGSScaeHwo62l6i0F7lWnQZ9Oc35+Zyoc3aeNmHAWMtj9CJ3sWIaRogeyPVBRKofM5HySiFWzYa2foI8l/a4yw/uC2jjpd9HDBWCqJnTICpPVG3i2UmVEeySmb/ZnLnEvfJuHL1bcH8vO1GjeMDgbHSEXvByFHGumKer3wL1SZHT3SUNePiyuoRrAFkkDHGWTuRrZqcRwJjrVhyk5FrmRnNzfMvbyHmkZRdy00U2jIuMIzcJMeSjyVRxss+FJhc8EnMgWHBGD9zyNTrQA7G0BNKFgpGxcWkmQj7f7jLPVTr8MHAWGfHHJh6eIbR/jdRrXjI4UtaWIJY6SCEk2i0qNac50YlXj8amDK5qVvAX2ue/j2ojiSWA/7UqLjYVl9UAqJiTUuScZEdqpyRhwNTJDd1C5H9CV4GvCtyiKwClBiHLxf10ceZNw0tsHwkqSLm5vHAWPvA7xhUbp6D2Z9qI30Z3z0MXAWFYRx4iYfeJ/r7TncYPG+6168x/IoccjtwwO9JCzAJeLTDpRAZcrulYfS41aMz1TbH0sB7WowUNBxOzoP9pklKjOCLi9a0nJI+vuFn3iUXFPf7ollKvYBnv007QGgzb4uLKAiI9x2vKOhMkG12Gco/RkuzWrAbULfAtDJGTwIaYVvdmX+aDC/6BPmjneqtd6ZNrRF2qOz6ewmUBC1q4zyKgLTqdbxC6VfSBpaU6HwbmDlBYfVXczJjAu6mDhX+OhNwA3e5DeYXEwwBepyNGUbm3RaS82uIC8s2ryLbjZYgpPJnDNn/AMEbV9SOitsJ1ODpfnHobyXO7tShUnkHeoLxLJ2v2v21BC21HWr7m1PWnhj2Pylow0ei9g1j1hJf4kxxZ+b/pCFuyyB0Zy1j9Q6t+4FJdcr/qaAll5Htzu4rAGz5Srg/E8D2j9CZc7t2uKPMgPgKHo84wv5hWh39RyHD4+JOH+/A/qdoz+fXmN+D2UZCxRtV5to6yzKzYy3aZNlY27PVOvv4ytYa5O+xIFRtPHqhDfkY7pb7Nk2pvjlWd/Knb4c4cZJg+tS2STfnq+sliRdOT6rkqP3wGCQ4SYLj8EMxWUuFffYsjHE/3BV0vqjj1F4UDW/FiVrRJoonJ/T/4chS8odhh7DX9CgkcczvEJsRffNpu+5MnP1sToq9IGT7eNaYi7b59IKiOjDyA/wiTtx+ykp3oDCZyoalzJFWWuQIxbYHTlhQjL3Dm7xQMkfheH2fC7t95cdhXF6L/kpa5GqtTpK8+aTLqherkfnBzW6z8VGIgpECccaBbyMvOLoY2W7TNY9vHtdUiDk3+GrHl53zna24ts/OTmxz4gjZWjBKxvfklTmKFQntixjxK2o1R7UzmDihEPBy0FmWExca6SykPqNkdxv/fPaEXIpECiq4hjaKB5GVvtqoKZ5yS0saozhnVbgQ7ROQr5e+e8VSIj8H9KOBKL4sXDGMdo1dISmIAoM8L6Cbzxfrzoyx6rbThesHHIQcMLRaKhgY8ReHprfgVvQiFnIImrlLM0UvYn1o2QxH0olKQwPJO9B6g4p47OB42m82+9OMwoAZMqsF6TjC07dsvcnerrQkVfzOrarIRSLu+WIWPkiAQdfXy9OQluRDiJczPkPblUsNLNz805B1csBYA7JF2MVEVC3xOtZUsKKZWCPWT0595eaLKwbzyQcMCdFhqWwzpC02QE2gKKhCMldv+TJEybAa+4SM1g8Z//+gHNTj5AySs8HvABKULjiGCDAuXT3pjhyOfNgQzeuV7VUkIwrBaAkeGHqDdZVkT8MeeriJN3L9nmBmflUxHMRIKqeuuin4LahdcwctMGvCvFAIpmQfu3XVW5on48O7wZcHssK42iSkqBnPuUjBQsGeSoEp99WLK5bioGGj8nWfNFUNAS4tAEODrEtplIDUS5PL5Or0fjLqLJ4td1i+gihQNPOasKTWvP8i66iIWvL4K4Mv4CZw6hoPOKZLb4TivLF0+mBJTJo+LWSeQmBIpTQuf7C09EryS5lDmDBBQgCmYF/0xkfqxe0XiayqEB/iz05HzXoSylWHkPIuZlKXt4j9i6au7alT2qkhT/QV1BDSMEIxQ4yG/gBhKKXHOZyuIgSBjwqBwKxps+AMIssDKao3VcmdTBoRgVmR/UsCtiKSxNjXhqu4a4NAs1DpbErKhkEsN6HGhY4WkcWe5cdCeFCfZ3Sd6aNESB605KymIdmA8ZdpgfWhUV6ZyUeEQmBoICRw6RFvIiLpguKKZ1m3Xql+isAU+ZR5Z4aqnhqTEhnbxfOTgSyxfM71PMXrSBd+scwXEUJfw8S3w6NGjSGqgKuXpIkAKpePIC+BChhl8BwLz64yMvkiGRAY8gacXoJ/sMlVXLHUUHHG0O33TSddAsaa0LaeSR8U8rYpSRU2yrmNncM5a9o3m+cFFjWX5v1ikaoR5OeQZI3pbGCklpz+WtqILARZViKzAE6QallXjKS6lJtPCgLAjIVTapkLgjmKBB6h4BltekqZdzwlO0wGhuZqI/LITVFIe1eUmkvyg2S+fcoUTCUaD3Yz7Gneky6FhLSlLyFbO/M0iEfvVaVCTyxtti8MF3yRbEJnhz5Ji3NRAw+nU5TArNLxiZ5JoPA6KUaTH+AkOlIoRUOAibPCVkvvJJGBIUJOsQ5MbkrT0+aoLhlIWw6ScPYyebvsM0r7y9Of7dRvKMZoxzM9E1yXVbZjvTubXjqoF2UyAoycQEKFKlaiiwgI8YnkmxZLlkyzuzjl3/agdaTQ/I9H16PHJN7Vncg3DA1TJDDwRffIX4JNmfnq2mMVMFU8fUdbjETRqLFuHnJJYlFxc0WCgzj0taCQ4Y30HoR9GBJTGblNvnhoMvkzESyLVJbRA0PVPldaiDwwJP0Lj2kNBtLS0qPbgTzD8ZbCVlZWgEDQ3kbUoIR0jLQRc1uGAjOuMl+JeUYBzJLeYyMrQZ3ppBQBehByGoLIMoxyjf3j4hDXHBnJwIkDsRIdLdaoj92kkywXSSN3k9d3LIxceu6T229IfV8i+eZib5QIqScgITVMfLC6CSssTizaG+5ihwoY65nOGcKXmQwMPfPsuKstRkFfSMvOulBsN4TcpLafjyAf5Jksw1ERrilfqEEUSP2VQcURJJnjiZrO5CfyDFEkqNCcfK3pzhkX17MlAFMKjO9hL5htX+H6ePNoomWaptY5FnrDgKnqxlMzmwjM0mm/jMOMoq1sBehKKNk2Se0kmc2jOOw8etM1MSvKCJD8/IYrB8nESMIOlYPY3RzELEYnk7B6/51YWyg7IknUUN6jh/9ok20i/mtFEPFxTokMzAOsswbG2rPSRBIw67sBk4sS8w5F81UUHJsDoRd+JeGsiGE7zgUBlf5FjSdYe4EszVUU8zro2md2fnrEkL7QlBNy7zkKyQsknB5mHkA9RvqEDQoQQb0JAEMyX38AGCv9I5u8zCkM2izTOSepeFA6JVqkOiSAKoM+b/rbfDOJglaZF7ZMRDZMPeUkcLqArgqgK8KnCU7Ir3upASY9irwD5hFDYHKBNvwBYIg/V6nIm8CSbFvjK47gcFhSbqGuzvFMtgwnCq2u3pGdDUSvtjE0lq2IFbe28hO+VmqS5ZUmZeg8EWzhoaYBprAJsXtPSNvANscBU13r92hg8s05cnpAEzomds9cpa9rC9D7SwLlW9QKaHv1eZWO4vyMrjCNqAqV1Jguv8m+iNkmIhJ1taWKALoq1ZCcOWCO1cDQHRs+XQYFXahxrjaE88CUhckeD0wOzTYJOokBKEi2RuZoIjl55bJeUW8HUmdajwufJHqiZ240QOTZ2v9ehF55hwt9eX2OqeOkdsuRI6I64ylbYoYYcviARF01MOQkggYyKgrUcArAWKuR9zPA5I2e5u0XlFSohPgoRgXpiEivKH7Ln44uB6Ja5P9dldLXa6EieN5sNDoE1JgXgspyhQbh43j6MprhQpfza05KDJpMQyXTzPwyNDTCYwiqgSFWUk6IP3FWYhEY6gj/GWDyVfA1RAbY5Kig4d7cQUcNTEE8O7jYt32X3LIZq83Ie7c4tZFbOlmDAzzCLmXBWV/1M9EJgcvr6taOe2ozc5iqpQSG6Pq8q5+WcWKJ1zIw1iT5KWByir52M6/BIuaH+XrefXXyNqyGxU4gtv9gnlF1BqtVyeUWXPmU6+U7/kPjdxC/hGI8AT+TIwbwqz0Gy59aINnpRICRQnWIuUBIgCRb0K9uDlYAY52dnwPGIjdgDIaH0PHi0GUVRfP/ccMYO+FhN9h0d2Zfjk6cNxHiYEIOiE8HY50NJxu6+addNwyccCifYa/fSb6nEfLjJB5ypo8n0iiAewQ0lxP5jR1Wz+RfgofyI/9bItR0zhxyv20ZdHAlL4n9efYkYPJmbPXI7kNRdjkPv2dzNyY2zNidz76H54s+oLiFVtnpOp0OyzJLK3pzrO7ZdHw5bbenQabelsvXSd7U4rwXvZmkTbiDxsJvS+5fwkgixd+sJfgjfUBakh+ixa9xZHekVVr0OO0fE/gfFWCsQ7WOagIAAAAASUVORK5CYII=",401,41,treatment
5,David Chang,https://images.unsplash.com/photo-1584999734482-0361aecad844?ixlib=rb-4.0.3&ixid=MnwxMjA3fDB8MHxwaG90by1wYWdlfHx8fGVufDB8fHx8&auto=format&fit=crop&w=1480&q=80,Associate Strategy Manager at Procter & Gamble | CEMS,4 Tage,I am proud to announce that I have recently started in a new position as an Associate Strategy Manager at Procter & Gamble. After six years of hard work I am looking forward to this new challenge.<br><br>#P&G #Strategy #Achievement #Excited,https://universitaetstgallen-my.sharepoint.com/:i:/r/personal/jan_krummenacher_student_unisg_ch/Documents/AIBS_Media/NewRole.gif?csf=1&web=1&e=rvde4W,212,33,treatment
6,Elizabeth Scott,https://images.unsplash.com/photo-1521252659862-eec69941b071?ixlib=rb-4.0.3&ixid=MnwxMjA3fDB8MHxwaG90by1wYWdlfHx8fGVufDB8fHx8&auto=format&fit=crop&w=925&q=80,Operations Analyst at Amazon | GlobalShaper | Founder of FasterX,6 Tage,"I am excited to share that I have recently started my career with Amazon as an Operations Analyst! I am thrilled to be part of such a dynamic and innovative company, and I can't wait to contribute to the success of the team.<br><br>#Amazon #NewChallenge #Analyst","data:image/png;base64,iVBORw0KGgoAAAANSUhEUgAAAZkAAAB7CAMAAACRgA3BAAAAxlBMVEX///8iHx//mQAAAAAfHBz/lwD/kwD09PT/lQDU1NQJAAAdGhoZFhb/kgD8+/vf399ta2u8vLwRDQ2Jh4fp6ekuKyvb29sbFxc6ODgoJCQQCwvw8PCBgIC2tbWbmpqlpKTHx8dWVFRgX192dXWwr6//7dhgXl6Qj49EQkJNTEwyLy/MzMygn5//9ur/zJT/qz7/vHP/6dL/slb/t2X/+fH/2K3/rEb/oCD/qDL/27X/0Z//yIz/tV3/4sP/wn7/oyf/u3X/wYRIFHfNAAAUIElEQVR4nO1d6ULqOhAGUgqUglDAYlEWWQQVEFzgyFHvef+Xum1pIZmZpmV3+37dc+0yzZeZzJYQi5FInRfvb9rXvVavcHnTuCvTV0VG+eysnAq9Ir/pY2uZq3qpfd2ypSzVO5na1vJth7wt9BZSY9Scr49wXap4ecEYswzdNLOmqVua/a/rxpbs5IuXFbZEq35GynXVvlheoBeiv6XcKViMaY6UWVtKw5HSbF/J+bfFiQr5Y2rF0sDyPssalIrbT4q7Ut97TiVE+mKPMUOJQ+ga63eCxS0XqhwGzdUXXHJPs58xuIN3ZgrrKxT7ilYTXkEg1agyTUdSKoY9hWT3t5kWFawQ+JT81cDmw/Rfr5g2RwPJ4NjDc80PT+989YdGnFlZTvp24MxsmExHrHgwmXEfdF/VynLQmfeCBrPE4dNZQfiCWgG+T2cDUrP4my6Zlo0HQGfVYuDXMTzlgqCwOv2QfN0gxshk1k3gjM9XhOExLO/KTAUKZLAS+YQrRS66wipozrtIMfFCduX+7x7xOKvCTYuiZeC36CxwArifecMs6ZhmWStg5l0SbwuEQStNR9foMVIsrREgchkOz3LuNRgxv7Q+Fr5GDST66hvq1SQz+T45gmZ29ep6wAtZO5iYzG3AyHDQGa02GzGjU0LUWpIxUtiAnhI0M3VGPkWPw4dkzEhyk/aXZKYVMLXNSsonJvAlgdSQ8wxBYeT03ZmZjBFo65f3sGZkZq6Cvl6/EP2JYqRPjtOjRjFTChx3o+e9UfKSAIN2I7lHfEDnAMwUQ40KPSUoZs6Cn2UM+Jub0RdHYmkkmMnIxt0Ztpr0jYx0AyITYz+AWBF3ZCacmDg9pyhm+ma0Z0gYJG7MRGBG9mbFsO3ZtXSY9AF8h41OdGLi2Qvsxu7GzF20MSK0lWBG+imKtXLz8lXJOGKZ0aghZopN6SBaJalOuY9A9G82feIa9lV2YqYc7nkESY6ZyWelD9NWZqmkbSCy/eRmCDNasSWnmuVDLogb2MzL1BBDsVBgvhkzwNXpyxf/NbJxGNggZsoN+bxULlaTkfqrblmWQboFei+EGb0tDznszw65wF5L4biSBsCVEmcDHGjI4m8Wz1wK99IOjUK92bgOY+asEqJ/vt4VsMQ6U3o39fpllVFfo4HpCJmJh86v8AmIjMIFEbaySqFerxcuqMyF2d+JGTEmOsfEKBYzsjojXg3DKciMUQqbl545gzc6E/bad23OLgnrDl+NmNkDYESN/X+dXfoeXKZFSMBgyHbFsgoF6vXZqnDrAI2/odfPU7FUuYgDdAV4H2iAQ2eI3nJvrEMGTb3JPTdjIdEtkN0JZCbgs6MAWJPYAK4ylpDHICw3zgTc31YI3FaI14teN3ZotHUCsIlsviYGFnjq+zB12hIrmnvjLfijooiTDbtRJvDOaGYUjVnVWyZLc5leIp34E1jM8LxriTLgjIIVkJNE6OPVVBPnBXI+LN4/OINumxsWhDKjMNYq9LJkDpk56wVa/9l5TASyz8ptBGZ0a1ltOSsFebsKazmVjVSmxLDblRWXCbj+Q4sRi1Xh+ELvKgiEu5IVPxCpDLB1yNKK3gfNjHWx1Onza8oSnxPfDM0IwZ1iii4AxYzRWg3dOVHwcT5Pa/pX1Kpo4igVcfjA7MCmCvluULMDQIVeYHJeQ+lghgHq1MrtdUEywyUgiQSiG5hAjUALJzEdNfEaghmTn1V3tMPLPSSPyFN04RXAM4NaS31/FjlnFPJEBMlC1gkTWFKsNELIRzEjmEM47ewBdjIJIBmFnU3brUZzJpQZMfGFHhCHbjGOVsSABigV9EEcwPUSmJwAEFkimORowEDcqz9JBkCwpAQzWcEi1Og1MtViXtnf/TIiqxG7gZYYJBwxM8DGE7kYaDRDmDm3XQm37L/Ma1Dpdui9KZUI3RNE/KoAi4BtlYXKly1dcgnBDDDGSGmsJQup8+ZV/fJ64DZKmES3AZ40oh3GzMCRw2EizCb3kF4CIWqZZuemfd3Put0eWMgYTPgoF2H9GrShgRpRhl+PjBk1d7mhJwJGcRHFa50B9CNfvitSX7MxM4oBpmsbjjtaKPC3EYK4QqbOmmTNEnIbhRkcQeIyM1pECHccDy1nEjAz8AnInOnIDaOxMTPILULRLPIA0Tu0aLKtsQUzhFekKPAuFDQQxWw0tLxWYGZQYAJtClnrJrAxMwZcoFEBE7Uz4JkZTbY1NmeGKkXgktst9EwJ7zWPkh3cRYgZ0al2ANepqMx0NmUGjTvym9ESDrlTjGiyrQGjjlBm8igasCVHTl8NBaIa8VyUPOI+EDGjw2w0svZRmEnVzptolQhjBrmVaHaiVDJixgyXbYV8yvYPYJIllJlLXJYycZyE0szKLeHzobiAW0oQM3ihghZTlr+w19lOqdCq6oxIdIcyA00C+jxU6IdrqKIEy7ZCPpUpNi4Lg1unlRUqQBgzZPCP+w+QmSUjWLQYcWOLmNFQRboUjZly8ea66oYPuk6XRUOZgRqBmYG2emNmzq4ue07LtOZHYhAhzKSIPDjVX4FT8ZTLjq7i4lzEDI7GIjCTumrbn2vp8h6nUGag77FnZsqNa4Mxg2Zk9QQ5M1S9kBpzFAXiVSJGLMWcb4mZgcMTg7U0xEzx2jZdUXp3wpiBRgEzA0ctOjP5Rp/qN0eQM0MG/1RPP+pYIC0N7p5jq4dhZpDNDGGmQVZtKWzMDPYA4KghDyCAmVqJadFaNaTMUK0wyG9xEa26QDCzGoNdmSlebNANeDJm6iH95vwTZMwQwb9Fr7oosUS09VDuxHqt3Y2Z/PVGzYAnYubsdoOOAxkzRPBP9Q46QHZzD8ygUDXYAziL1m++evRpmLkiap/BkDBDtMKQ/bYOUOUoKjNN/2+7MHMX2G+umLphoPE4DTP3gQqTdaTELSyBzFTw59L7T2JRmcHFwb0wkyEtWdYJ325bhfYlck9OwgxNjO5s16z2bCmrsE8ikBmi8k8VDJfYmplV3nN7ZspEK6ZisX6p6T1h47zZIZihdnUoGuvV7zz3NHLejAj+FXrzgQO0zpC+2WF0hipSWCXu7o1zzQdgpozb3uKs0uAeEzXXnCIaRuitUC7i2zKzWre2ZgZbCYW1hZjrMzDTQy5KFuRSojJDVP4N2KnNAcczVA7gEL4Z3mKkwJDrEzCDv9y8ADmOXrRqMxX8UyV2H7B0ghvuaflkkWY0ZnD7M6rZfQJm0MxVTPh50foAyMp/4Eb1GJE3I/vYNsvORGImhdIUuHvm9MzIFlgf0Zihgn9pmQo1KJDdUkgTFVlGMxIz+JE4FkYp7mMwE+f/ihO+eBmOxAwV/FOVsDXwACnE9ZtVASIxg8wo0RmC+1qOzYxkfV0hSk2TDP7xo6SiY9ljROWMi3q2ZEaycq2webV5z8yg23GPg70URYg0UbdFnNqrLaCGKi+4vEJUm7mm8+2YwVXuOLyL0KtjM3MPR4eq+cHyK8EMVfkP7UtHW/cohwHt9OA0cTtmUJWbqOvlYccwNAAHZyaou5QH3rGAtrJSlX+rc9e8y5xLju+K8vI8LmmuX74dM2jlImYj0cnWFC44ODNoRhKn7+A4xYDbSckdcP45ZRet9v0d5c2hBxMBDTI9vCpuxwz8XxQzRI1bbP44ODOo4I+7T4j9BlAKovLPv9A0NMaqJVQMwI18ceSc4Q7Te8kDIjGDFneCGdTlBntfD84MUge8pZzIhoFURuAZPDyyFtMugbOGolzszeF+eW4EtmMGzTTcTUXtuBYb5o7PDN4Yh2YtTNfjBtcAKAY4vQ4FDag5GLU1C9HonnQmzqCqor1wcThrjs8M6vmizgtRTP5TIqmMhyyrcNxg3wIG48h3FNbBPa0zyCckj5AR860HZwb3MDGwupOHHwi5fWrfWzCy/GlhuGkZLHOwi0Psj9qTbwanY43u7BKU5vi+GfRc6ROIFD0ve4Yc3CqF1A045DdQZUQ7uh0z2O8SF84U3nXsQjCkh49n8NZn4evOAxp/uFwlDspCwPu9KNgUtj/JKgDbM0NsIVG0teN4dhtkA/jtDAdnBmt23KzWuHuDRn1tmvNhp/BA8HuT8AkdnLEromw96BTYjpk8VV1n9eW4lUuSMxy5aPPgzFDGSo97un1eCG6VW5+llSdOFJJC2EuJ821a/y7o7XAL7pYZTdL8ambv5r400GT9kMo6/3BwZshDOhTnpKb7dlXa8rvaQb4bM0R7iMkqrULrljqrCeRIt2QGOXxLsXRLw21mItYVtsNXAVBOdS1lyMLuN0rsxgzRhuC8njzQR4cR4ZbMBB8kFAZrFe0dnhnZQbVy+P7MjszU6BNaqPs0+PHb9gHIs0keLDxns+tSwOGZoc6dQ1AsrOVGNR/CTFBqAOzZl58MygHvKNiWmShKwxroqE39Yj36R2AmQgSfte5QSKitziWCzCi6k8B0zw5x/0OD+6TgaQrBB3+LH4ZLBFv3m4WeguycD50H3onV54b2CMwErDQcTCODUnycb8szo+iMxVulRvO8XK7ZKJed7Z6DuLCtCzITa0ehhhFHLGzfo9mS27Nl+5k4tuIh9Mdgphay1Otx553CxBZ+D2PFjGKxi8LVGdFlkT/rFJT1b65AZqJQQxGzAzOpwHDSvchcJmJ41QIqewxmAtrifWj9ZeDCzbKskAH0mNHZRUnakZEpKUtHGDMTCzxDz5eZ7inYYS9ArRocuLCBH6td+xcpMKF3FGZiGcINWUnkz9XUhb/U6LrAgJsDMOS/HOSh2XNO3M1iZuzVTjaHDY3egrPL/pl8UBht8L3D/eXt2dCTtA/DTKxcDZBSy64lKns/gmRUwOffME3ym0jgTW37YvLHF4J/5sQEv3rE3RQ6PLJd58ULvJ/Ltshi5/nA0RpdR89NQXHRpIDC4YOyYRcmitcc1Bne+JrVRBtSdlVLG6Bh6tQ3+K228n2T/gM1UI64rB9oJOHwKLCEgR0/i1+vrvpsHVC7RfH4DXzCNTPYLdGd3WEiiGZCcAXeRlwAV5CWIXWvcDvObSkZ6zcAB7WKZkh+pmxnFAe2CMJI265eIWAvoYsG+DSsjflb8QoDZN467ar3F31w2aH2+jQKdN9cLcODmptl4QqqR+VMuCKwo/XcOdPcb3cpXRHvypfa5P7xvaHc6LlHjFiG5fwmoVXohJxwIw4PufFAuIJUv3ytXAs/se3USNmByB5+yXIHnDU7N6VSqd7Z+ddGf/GLL4Jh93n073E6ns/n4+nD4vVteGqJfhGLTV6ns7SqptPp5BJp51+J6esvOyfE05/HhKomkwmEZFJV/z6dWr6fiu57Qk0TrPhIz04t4e6YLP6cWoSN0Z1KaXGQm5xayF0xzKVzH2+nlmIjDB9zaTktNtSvN98AJjnbMOem3VPLER3PyXBebGZeTy3nznhRHbOsPnwVd2aR8+2Y540tAV2Bb8BMbKq6S2b635dwZ4aqQ4eq5tRkYvYxnj6+LxajxfvjyywprD3fgZnYQ27pzqRHX4Gbv4mP6b/X50l3CKR96i4Sazv39dcZB4slNUk1OTptEmtnTFfUqF/LqwnCHzW54uYr6E0gnlb2LPeFfBoZur6/Y4fPi6/MzYtPTe7UkuwLT2PVn23p3Jfx0zAe/Rn2DXIAPjw/YMnN368aQfvMpB9OLcke8awmOW7mX9O3mSa/kdO8QnfGBddJNbH4CkZtOHoZj9b/nCe/lwPgIf+4tmg2N2l1+tldz7epUwhQx/6/nxKek5k+pVSHAG/Rlooz+ryKMxzNPHFz/gzqen5M+vGkkh0Cw7maSIiK8/LnU7rRf6bp1TRaBfzP6nfKAACsM4YrxUk+fDarNnlPcNqdTPtz58FbKXOfcjLtislMVBvny3Oz98/jR3cXsxyfvEyuMzEzb5mZnlK+A+JdRQXDT0NOd/EB6pnqbOWH+cvMN0maEZh8QLVZkpN4eDupmZi8f+RAmTmZ42LK16XYyeTpRDw4RmmqcGj7A8np82m8NadXBtJiO2EJXj3Gyz+nFyeR8EgYTrFJW85HNTd/P7bqTEYvKtGUYSsML8jQm03q5/X094I35AlwqqO+LN6OVMvpPlPK4jIwE9cTz2f+hsEMBG3SfHZyaZudA+vO5PVvIhfQwZRWR+BqrwSgfq/MDImnRxjcQN3JfTy8HsZlG769v6RzZBOm++7cX2izhj9GZRx0X6TcLNnJzW169qg93T+LYFXxeJnj+eB5Zulvvsqs8DYP4canJzF9f57sOCrdt9HDXHVIkeqqmqCyLx/uPeq3dsxEvH2Ec+OMl8uP+vG4eH3rbqhBw8nb6/s0Yd+eDmuLdXh5pp6xDDO/UzEzAqLozWrgnJ0S9hAnxg//Rs9vky5qP/Iw7HYnb87el7HNSE4N0ROOl4Ci2Lvrrnz9fuYN8fYSoZdYHEKnfVL1YN87+5iPxy8v4/F8/jFzOkG8v+D2StlDczNSXxy4yvaTbJmP7iMdVETlScRWD0nnxsHZ/T9uF/B3TWXKMfyXpPMCR4G9ij3KLJUTzCRn3zL7HwXP802N2r54yYVUV4fOnobET3GYKUwe0kdXHHtRCu1IWKRtYn5A8C/D0/NL6I6vfdKSzs0jNCPY181+ssZ4GI7mu7gDG9Eye4+kCY/Jxx+7xojAtcXD0BI5PPnlZY3uaE5v+94LK6o6H/3wdWMXDJ+niYjB+was2LQk/p6odPqdMBmNk3tjxzllIfky+mkploPhaTKydWfHdcfdfpmY7rWe8AsH3ed/c/cQmM35cbOgyfHiz68FOxi6b6O/ziE9aqRE5fIIHzX98TD6PWLpKOhOnhcP80RulU5Oc8lMd/v+8i+J8X+Lnattv9gCQ6cC8zpa/Ht/+DudvtiYTh8f/i1Gr07h5kcw8j/llrUeSr6TqwAAAABJRU5ErkJggg==",180,94,treatment
7,Frederick King,https://images.unsplash.com/photo-1639747280929-e84ef392c69a?ixlib=rb-4.0.3&ixid=MnwxMjA3fDB8MHxwaG90by1wYWdlfHx8fGVufDB8fHx8&auto=format&fit=crop&w=987&q=80,Incoming Research Analyst at JPMorgan Chase & Co. | Banking | HSG MBF,6 Tage,I am thrilled to share that I will be starting my career with JPMorgan Chase & Co. as an Incoming Research Analyst! I am honored to be part of such a renowned financial institution. I also want to take this chance to thank all the people that have supported me along the way. ,https://media.licdn.com/media/AAYQAQQSAAgAAQAAAAAAABgBrZ2daanMQJ-egBdqUfzcNg.gif,94,17,treatment
8,Gabriella Maria Stone,https://images.unsplash.com/photo-1489424731084-a5d8b219a5bb?ixlib=rb-4.0.3&ixid=MnwxMjA3fDB8MHxwaG90by1wYWdlfHx8fGVufDB8fHx8&auto=format&fit=crop&w=987&q=80,Associate at BCG | Forbes 30 under 30,1 Woche,I am beyond excited to share that I have recently joined BCG as an Associate in their Zurich Office!<br><br>#BCG #Consulting #HardWork #Success,"data:image/png;base64,iVBORw0KGgoAAAANSUhEUgAAAT4AAACfCAMAAABX0UX9AAAAhFBMVEX///8KfFYAcEQAd04Ackfq8u6LtaIAe1QAb0IAdEqcv68AeVEAdUyewLIAbkD7/fwcgVu91Mnz+Pbi7OeqyLtbmn93qZRDj3Db6eLR4dnP4Ni1zsMqhGHI29KGsZ6xzL9tpIxZmX44iml5qpUAZC8/jW1moIdNk3YAYiwAaTiTuqkuhWTk+3xgAAANUElEQVR4nO2ce4OaOhPGIQRJ5B5RQRHBrfKK3//7vbmgcodtu6fbc+b3R6tuIuFhksxMEjUNAAAAAAAAAAAAAAAAAAAAAAAAAAAAAAAAAAAAAAAAAAAAAAAAAAAAAAAAAADgv4GZnMJjeIrN5TViWSNZXuP7wsxxmD9d1zx+pAhhysGIoHR3nlOE13gQhDF1KMYIpXm0WdzGRmOS4zF5f2d4PjH+v/9uuPzcP53Dzfsb1Gfmb35m2R2NQRANtlUyUpFFe0QNS39j2RQ9qvH2MXePnE4NB6UTNWrWd4+DtnXBSPcI8fSovgH+J4J2vhb+EC+I591L/rGfYf7Wux5kody7yxeb/12WS7OElaFPYNkGDirWr7b5cBxrqIKBb8OCb3Z0rMZ27BHVuPSa53lKA2mAN4SKqioRysW7NbGq6IMWmnYoi+3eCrZFkfFHlWIjX68eiEiVd7aVykaQ8uelGmJaPnl/jlF1KrEdNoakkNh427cnlmN79Ao2Lib7sItEA/wAHUWDsS3VPtjy0xSJd88+GeKtenGle/mRiz1hdjvDpqL0H5BPCJi2bi/C05VsFHWuMl+j+4SauGgl/vsQX2sSHKtPE+wxzddJs2+ESMl3RHr9SUUf/N8drhxi/iH5uIDo9KrBCjxXHLV7IyvQqK3WGLeJNirrYzrZCHN6ldxil5uZUTRs/SlfgV8P0EZc7h05ZLT8Y/LpFn7qF+vjvfCpxUfrEptgfoCwB8bXFy59FEWh0zN/nb8tOxKjX4Ipur5mn1o+PyCv7rJFvNrOO2kWCv+YfLpFVYNCPGdIXIvWFZLBGaMNPk+10XVszP0cY8/ExBE+Pz4iYYjmziZY9e63fDp6maTUW8gXIt3/Y/Lp9kO1b75ko6Nrwjzm1bP3k21UY59Z0h33U/Dq1XScqReHHJOjppqnOu8FHZ6lLqI5Qj6txJmJ/pR8Ol3z5pF5LdrDWLxAvYatDFJPHRsUaNpJ/CPhPfT1nCqqLvqUb/UaIWPs+LV8JsYh/kL5uIvSwm7fOeVt6d44d5UxtW0eRLw8mdYwZto99bgrqaIO4zmI0qlpV3vJl0jlLjRXn+ZUuMDqYqofv+UzaT13sIe0VimftqaB/YXyBZHbZL0LaPPmnSjtaGFjPT8nJmNsc3K3jizdHsYunXnGcnBZhbHJTFHDkDWURzuBi3dxHIep7Kwbivcnxk57aojRuCz5myQl55Z82tnjdZh5DqTGtXzaw7K+Tj4r6P01aplbx5IsUrZGOf98wVb78X447RrUWjf7qX+8cpcGH7Rp1oiKyKwe9jcpIZQiIn1R0+JvDB6HqJKhV7/gUxxCPBL3bjJSye9ywjkQ57pUmGVMy6fF7ftvQq/9WCu0vKY8B9Ix1nWvxilFu7k2nrIVp3o9q+MtTW/PCfiYP9LiafFx5j4LsXWRXj7qJp4z5Wu7Wb8Fv8SMfNp5RD8LuwOlNT9svmt3dmc/OEOsply+786cfFowOHNa9kyYL3BpswqetbK/kFn58qEgw9IX5M18q6n800n7dzErXzXkGDpLspxus987+e9t9zdhVr5sQD58GirZpdntrd+cpvwuzMq37499zqJ+eGo6PXiJuf6FzMm3oT31LH2gXJ/moGn8Kwc+bV6+sj9z0Mn0yItGxGKhmUWnv5YZ+W59t2+h8TX7bicB+FP4Jmu+GS/Ifocf6ZvLHnhbPr+JZkb6wLzRW/mY/WIdxb9yK4LjHnleUKl7Wqc8hCuVg+4/Hrl84QYyZxWm3h0VYmoLg3rEKAORpg9UyJcEF8WDR8csuIhvjNJUerHsUkff5yvxSLBe8BxaCSu7nXHBdMhlxsu0uDT67uCcxG9lPUg/nPFLgtLywSNY/sZMEXrsA0RkkoVRSyVQK0/kWEIPX4vAExc8ktpPT0UgGRMlzeFOqWHZlGLuCzBiCflcakvHwDcc+d9eXC1F97lYvCuf1WZAu3EtOrBG37XzwSK+To0hvF7Jkkrz2IgFORbQvXiAoSVzeoxroQsNKrkkmVLx7zlpyScWiWJUWxZj/gntfSb6OEOyquvYVDwzZhuixF5dLV4SHi9Plz61KOa/lHNoyOcMhsfcoxx+QL3k6VndpeKD1qlp0xbpUmakhQxopHw+NV4lR+TTROKw/oqnfPhGqfmUL0LB8tHz8/ItmwbWje+l4VCJZCzv3xspr/j9BT5FTxfSFaljZgQmJvHT+mz6Wkn6hHwkysQCsZLvgQebO8yn5Vs4c2wbDg8eTC88xrL43eKM4rfxHdArfjGxIzuvVuHrU741wZdKyf8Z+VzfIqHmC/nM+mpyY82sGX5evmUZs2bENijfuu+PP4t3hmwTWe83r3yyUA4zKZ+Wokir1ApmpCNM9mrsq/vJEvm0I7+IlG+D5UKhb3gEefncbX6R9ZlNcYbSyeb4ynnP+nDT+sgrX2xSqqxPOxHDX5O62x4y2xEd/C0fWiCfWIfTGtYXFbfbft5f/aKxL2zKNzT2DUQzT3pj36U59uHX2BepsU+Y5o3uXPLeGVLQTNhprt4FiC2Qb4NwoouxL30ttK5Id7NJj8/Lt2ix5aP5tUZ/5o0mNnr0Zl4+F77Nb0frBpiWFz7lY9Qo35MGV24n9KC+Eku4WrPyiRE0EPK5+FFfgOLZrGZLvr4PNmQjS8KZS7Nr9v0+NvXQcO8Ce3oRFmnehHeh01LY3ymQu6mUfPxxWI6QL3N94WXLlYTS2TKxsiRXWIR8KpYak08LbF0Oew+6FxdIUrTS5mgtVLrdAKDK7d4IPzyPttm0jKvvaW9x5zFZU6V5HIDQpbhiGXVsAswjCx56yDmERx1KYemybH4gq9gGVBdTpmljuyip2lgQI8sWCIM6kKd8ddThSflOxJJuM3sgfN1eMJnattSXbzCe8N1uNzPmn0k70dwfzUy5dNagKt/62UOtjh7E82y1quRXuud5V7Utg+mq1bFtCetLbti7k5vqdCzHvJLyFGIjkNj8T8mz/3OnUQVtanTJ9Tob4gb8Apfj/H3Op0t7Wwssa7BYi45PNz/dNJKyI54R27Dmm/ERpLV9+Wf3MreuNsG8fNqxox+dnY8O3YBiLt+3aVRACwaHb8MC+drzgDCmuS/tJfjnss2NzPTCdOI3YYl86848OedNhn2vZHqtoznT2H/VcvAS+cLu7Du90sYGvB17cm9J04dGC7Js34efku+51XSY/ZCz6ExYbHNytx6/cjf/OEvk66+UW9a4fsWwS4xHY+XWiubCdajvwhL5BlJLljHSx/xyLKDAI/5iS72FuexvwwL5zkPxqTWw2YwTB+OpALodcl/a0S9e4qt+I+blG8sK00vPAP1s8gCHYffEMbft8G5shmHr4lKuVPByWFUc9xXJJFl5zetvjrPaKa0yU7RHlFx/4WQ0G7RVo4pYqAyb9mSuaLvjWo9uFfw4tmpknaNaaGRIXRNEMEI/ZOIqInKzaZ3L9AsPIf43XYoU3utsanAXy0p3g4iily/bQjixt5lT3ezx7aViu6h9c08bk5lxuNqj7tIPinvnGCxq51FiMp+Zp3XZPaqFR+KZCtEsZpu1ClUjfDuFoaurk24PGkSmeSrU4bWw3iOupeJJMGSFYXh+OL95R/OwfN2d9f2EVd8QbUftk6f9ZTORPc/6KXm5F183cP9U4djJrAS18tURkjHMSWbVd/Si7HmFRfakK58t/sgM8lU7lD6VLjVGp9UB1H7I7fIao671tu30REj6kL7DI2kTk2dS4Cpsd1A+bY8W7aj7CT4jn5Fr+egCTxdaB1+LFbfTkbyCb5BW3qS2vkQstB3f51zky2H5AvLLu0RG+IR88v52s8cpFeiVJCiWKW5cxrIyJlI5ipvYmbISY18eJ8kxEAsa1TsjHJPHwNjHGDNzOndy5B+Qrz71uJ49XCrKosbyxseCc3A6LkZzWgzLrSfnO6W22OMbOYbnYUfWcN+PKRErwG/5sJRPF2cJkfFVxrdcPiOoe9DJnq1iWC1X6zhxklxhkakUdiCz1WKdQp7sjeg+y+qs6um9ArTG+YD1FUV5W7JV6idZep4X3V7W4d+mDdAieceSzHK6hqNPpkiz5xF77eEl9dh3VLr5rziFyS0vsafkZNSRW4BmU5O/yCL5LBq0lmoPl/Fzkja+Dnj5YTq42U1i0JnVE2bUpxpyLNZ41My7V5+dkVpFNq9qASNQ5wtzecTyOXV8HXPyWRb37Pa9NEjYd5JlaQOXIxtsjpfBLmxRI5tdjzhg/KjOqxTL4yRq5t0gtQCVEVSuo9zBD6nUieAiWl+x2DH1D8g38TsuEprehn+qJs501PKqxY+yBNnEIJ3srF4Nso+WDEybUhwJ9G6yrPtD+kSruwoyjwH/E8FZLdQpEAHdRbaZ/fC+WL6pXxGa22IUr7c2qX9FiCD95s5OcEmjBiJBPvuzQy82xyisC7P6B5/iuG5dco5OjYYeoujZkPjLptzfBNsceFh5SiZWDjv4m4TXCD9RAwAAAAAAAAAAAAAAAAAAAAAAAAAAAAAAAAAAAAAAAAAAAAAAAAAAAAAAAAAAAJjj/5LF1Hfu4jdLAAAAAElFTkSuQmCC",118,49,treatment
9,Harvard Business School,https://scontent-zrh1-1.xx.fbcdn.net/v/t39.30808-6/268061699_10158993637533172_3428439803487158084_n.jpg?_nc_cat=111&ccb=1-7&_nc_sid=09cbfe&_nc_ohc=ZI79qcwOwNYAX_VFS1k&_nc_ht=scontent-zrh1-1.xx&oh=00_AfD0syrLqBxJmt4eWUNAOb84zaWTcqag7WR918K9MBRajg&oe=6457DAB7,2. Mio. Follower:innen,22 Min.,"Short Intensive Programs (SIPs) are courses that offer a great opportunity for students to think about career choices, gain practical skills, and explore new topics. These are no-fee, no-credit courses over winter break open to both first-year and second-year students.<br><br>We interviewed Tricia Peralta and Matthew Glynn (both MBA 2024) about their experiences with SIPs, taking a closer look at their time in the Spiritual Lives of Leaders and Personal Finance courses.",https://images.unsplash.com/photo-1522071820081-009f0129c71c?ixlib=rb-4.0.3&ixid=MnwxMjA3fDB8MHxwaG90by1wYWdlfHx8fGVufDB8fHx8&auto=format&fit=crop&w=2070&q=80,209,34,treatment
10,The Wharton School,https://scontent-zrh1-1.xx.fbcdn.net/v/t39.30808-6/333801274_2210757872645651_5731523472537697461_n.jpg?_nc_cat=110&ccb=1-7&_nc_sid=09cbfe&_nc_ohc=_jkV-Zm1T8wAX94xTSu&_nc_ht=scontent-zrh1-1.xx&oh=00_AfCHe4bE8JBqFrn5JKnUXb56P1iYzr1WoyYrkMKn3yXcyw&oe=645913E6,582.528 Follower:innen,1 Std.,"As graduation draws near, soon-to-be #WhartonGrad Olivia Black (W'23) recounts the highlights of her time at the University of Pennsylvania, including traditions like Hey Day or immersive learning experiences.",https://plus.unsplash.com/premium_photo-1681990629558-bd641fca4b29?ixlib=rb-4.0.3&ixid=MnwxMjA3fDB8MHxwaG90by1wYWdlfHx8fGVufDB8fHx8&auto=format&fit=crop&w=987&q=80,104,52,treatment
11,Harvard Business Review,https://scontent-zrh1-1.xx.fbcdn.net/v/t1.6435-9/93226048_10157715588932787_4771196203243143168_n.png?_nc_cat=1&ccb=1-7&_nc_sid=09cbfe&_nc_ohc=6x3dNGmaC9UAX-c3OMF&_nc_ht=scontent-zrh1-1.xx&oh=00_AfAfeyZ3_pJwKY8wPouOKKASIv4D7kjx72MnH-Vao_mDyA&oe=647AC29A,635 Follower:innen,5 Tage,"Always include a cover letter and don't address it ""To whom this may concern.""",https://images.unsplash.com/photo-1434030216411-0b793f4b4173?ixlib=rb-4.0.3&ixid=MnwxMjA3fDB8MHxwaG90by1wYWdlfHx8fGVufDB8fHx8&auto=format&fit=crop&w=2940&q=80,198,17,treatment
12,Forbes,https://scontent-zrh1-1.xx.fbcdn.net/v/t1.6435-9/50813627_10157101876612509_8264332807757627392_n.jpg?_nc_cat=1&ccb=1-7&_nc_sid=09cbfe&_nc_ohc=-0y7cuZncFcAX_TFC4U&_nc_ht=scontent-zrh1-1.xx&oh=00_AfBT9LumjVF_9zDL94Ro_1fZOWPRjnMWbC_yoA4-xfxk3A&oe=647ADCDD,18. Mio. Follower:innen,2 Wochen,Lorenzo Linguerri started one of Italy's first online universities at age 28 and sold it for more than $1 billion fifteen years later. Now the 45-year-old entrepreneur is trying to reinvent himself and figure out what to do with his newfound fortune.,https://images.unsplash.com/photo-1549045337-967927d923c0?ixlib=rb-4.0.3&ixid=MnwxMjA3fDB8MHxwaG90by1wYWdlfHx8fGVufDB8fHx8&auto=format&fit=crop&w=987&q=80,201,39,treatment
13,Alexander Knight,https://images.unsplash.com/photo-1506794778202-cad84cf45f1d?ixlib=rb-4.0.3&ixid=MnwxMjA3fDB8MHxwaG90by1wYWdlfHx8fGVufDB8fHx8&auto=format&fit=crop&w=987&q=80,Tech Enthusiast | Crowdstrike,5 Min.,"The end of stock photo platforms is near!<br><br>For our latest blog entries, I used Midjourney version 5 to generate high-quality photographs.<br><br>Result: You couldn't tell the difference between the AI-generated image and a stock photo from Pexel.","data:image/png;base64,iVBORw0KGgoAAAANSUhEUgAAATcAAACiCAMAAAATIHpEAAAAkFBMVEX////sRivsQCLrMADwfG3rMwfsRCj85ePrLQDrPR3rOhjsQiX74d7rOBTwd2jrPBz+9PLvb17zmpD62db2tK397+3+9/bsSS797OruW0b1rKTxg3btUDjwc2P73drzmY70o5r3v7nyi3/5zsnvaFb61ND4x8HuYk7ykIT3wLruX0vtUjv2san0oJfqHwDyjoJ7noVfAAANyUlEQVR4nO1dbXuiPBOVxMQARmxFVNDie2196f//d0+SSSAgpd3uPrf2MufDbkGI42EyM5lMQqfj4ODg4ODg4ODg4ODg4ODg4ODg4ODg4ODg4ODg4OBwT5gmt5bgl2J7awF+KT4Gt5bgd2J6ySrHwxvJ8euQsbV9uO/fSpBfhjHmFeJC5ym+hyXndldN5zeT5JdhFnLbOeCnm0nyuzDFXmBxdWLOxX4Pb8zzZ6VZO5Ks5WKHEs/EQ5OxOeox7jTue+gGXshH5uiEA2fjvoenwKNsZY7W3O63Di0QxHn4YI4WAUIuAP4WJHH81WjZIrDUz6ERfdCsLvc8FO30SXGEnVttxxxcaY49YeTO+mQugpPJy+2E+gVYsan6P2ZU9tWxOUspy28o1v1jznvq/x0PPS8k2rD1Q+QF3uaGct07+gyDXRvOhHfwyEJn4Z6IR/HT9IaS3TmWxHjPg+yryKhcKo4Q+3DJzM8wCLA2ZXuOpMo9gZV7ob7n+Th3UfAnePX5FsgZbokgDuETfDCQRxE+jFtufmTMfBTqsCPGUuX4OzgL2VelznVdUNKI14iyJfw5VioX6sOXSNIoNHDmRhBNGHAreFNWjh+VyiXv0ssKIjn5cEp3DTFECHEMfycDTKXKpeooIx7Ax/Nl74Yi3ifecChUTvOymXDlWJW3OGNNnEcjPEsddVVMj4HQsWd9lGIRhKBQDftPzCsQBvh4HrU084CQcW+A9nCQrFlo8pmxRZzUOsKzlYuHS+zEmJSSV5217G8J9SBHcsJeFYjj2dL5iQK5ULKQZdqz7lHkETWjn3OvjjAi4WHX1tgjof9O5LDU5JBE14VSiCd0RZzosT7ha5c0AawiEbFFXA+1Rp7P1dQDog3EyR5LooPrsApn6Uu5px1El2AZyG3qJs7SOjw/ucG/wHDNkHAQWzNIZdKMdZt6qqEuwGsX1wlMM+YX0dyGBUKdhp8qnILPBm72UGD6gSMvmKgQ94XJ6a08aiVOeJPMBXUCw2cchOBZXy7C9CftCudZueJHx5JEfCaVaDMT/5yDr4hz864aSc4CVXSzlP9En8QiFnj31iLfCaZPmMmIRPbAFfmSN4/Et5b4XrDnF2O2XsMveaPeTYW9JyTbi46Be+xL3jzsZnEKPF90VPv8Ddfg5qpLrLD+g37pGvhNBb037PUCkd1XQRx62Ehk2pgZWumemvntvJHHTclt1k1nzbi9PYijk/9Q0HvDhrfMvGxafWq0/M+kvEOMLplOqPXSqyFnQ868BH/s9O8UmbqHzp6tawmipxYT9+C8dTqLC3nWkdj2sq0a+9nnxIXvj55LijFnryelalmAtxWde/08/A3x4O2xk+bDAUYBIe/djwx5IVtLNoa6G2YtI3zE8TZ96EHDbkZCL0RIzSz4gRykJjn0wxNrC0fCAM/SR+6wm1dcTMdQrHJrXUgU9ea8PZALWPeRJxxe1oQb6nxPMrGeQQgcU+K35pUi9rBjLoW3LiGRYgjqbM6XNeSKdvk7xqQEFwgiw/J8wJn32C6is1tuMfepXjeYXlhmIpNxbyTQn46H4q/dZvOWZpSrsRgaDDfUrQJONvkEByFfdGRhFyLhx1sPtGk8Wi3X2wlX+jZZLDejdE6QnN7aTS+3FfpO0EtnmMhlvTHzqM8JJigkoqvyCIXaS9BQnM9GowEWPZvF+O3WMt8JejlGw7KUsDmPichx31tg6kUee9y8Uh2r2bReg3kdhvDjaDSJ5B+PHMfVINNMVzWYdebwYCiXtSK3XVoVaStxFPmEve3EgIPsby3pneH500GqLP/NnpfLQzyeoHB2a0HvCaOe3DOjkTWfDfZFvJvMEHvoQX4dh7TTGVyXdtEIf1Rnnmf40XOZVQwm+862OkANfRKd6/4zIW6dSAULhp6s8G3O+ezQpFqubLqGjFi0ocPXNzgAcjv4Jeevb3AAvGGrypzPXKT2XYy3Vl8NOZll+TJ2fuBLTJP90TZyhF0uDM8fPF35DcTeO6IUcTUziLNd0kneEDndWqxfgPgpiBZvJ0Ec0cm23sXx9m1wiopa8q2zcN/GifhmkXlneUM5fh22wdH86Uqj/wQz1lhw6PAVUm/iDJuDg4ODg4ODw59iOP6jaD0Zj/8PSZ8/FOLWGKdbjgWOuZkLyQfdAnlc2+MjiQeBvDzsFos74PqFofKj2x2YBcwvC/mRPEwWZaNZvqq3elJCkPkHTNLYVxsM9p2edXq9LOdzhvA1MNY9gzgwRZbDxbKQrN7e4m92L0kyFsC8HPWx3jRlG6ACPmevdjyfY12BShHnSzi35vJKrBPeQybuMi85yuGjFZy2WsVHe03NCRdCkMlbp3a1Bjl1+vbpiBOzJRNcHizUwUCJz4bQsLpUbZob1NpjfzFntif2cgy9zeJTbYJTb74oMPIrk8Z8rmbVX1TRh8kIxTIbifWz9FRel3Sut2ChZFZMya/tzyheNG/YEsSdfq1KIqDQteFyBIWasEkOlryNYA7IV68jqe/WRH5egn1VWKVKSp/qlctMq9KmXkgfEsXPsWCno9fTRzBPpRldN/Amb9aCx7WPhBp9kzcvnLTxlsA6RL3e8N/x1rBMT26Wonmj1BT4UaQu719fDpVqqUp4wzKrsfoJFDrqWamnmns3TJStFmVuPpyIuKoGFiqaiI5HqX2lBC95Kz/haQtvr2BS9Cp0zRs1wD/tp0mgv90nmHBFlqr9Bt7oZDIJ9cQTUZRM9OVImHBTZ49kFxgqQpVadU6wnAirhzmnxeM2vKlW9ZIjpAzSCMiIlpv9sx/AzxySiQItbppMopI3ccTBYsADaubtACU8prcgan4WgP9U3/SGARTno/F0rzazVwWiwJtaHd+HL1MrRGNdSYTXu/F0M9A/Qd2yUKKqVfLvoKyqo/ZwcbP5acoIJrFe/6FM85tqVyd+z4xZZQ/Ak3+uHeeW9MqONfGW7KF7cJNRVj+Fhj8kywLReqvt8x6HYM01byquUFbe86Uq6YdvKl7ecKkze/XT5XLvsanhlUoG/RdKsoYV5zGFH+1/FLxR/RaRjb0HC6himUvXvEF1BMijrFQDb1yrsV+8oupf8baBhnERxvTNaxQs3jbcSNoHnkihDqnuBvK64qqTWfUnrcdMNhRCzWmVt84KyJKGE5yHcLDX2ze28gZ1TcozNfBGJ7ZP+Je8gdFu2EvB6qedTAkRpEbzQqvyFoyz2lTg4GsWZsYXix87VbrHIVCr8aaVXW24YtnNbrXq4RPeVD8d6hasxm3ePN07yuBW2zcaSviLH/Om9fm6PgN4C2KBAaiP7Gq5ivQCa5ZTkeVx2bFAZ8gIvClS8mnd0+FJnTetLdLAWW4dcfR1Pw0Xq3iVAjHgWpp4U4jSsrGKP0U/5w2MeUOBno5DAgEQIchKliyawXwFSjTlOf2zUspAWSzSU+2gdTNvoMiwA0ZqxYWUWBrdzJsXCsn0FhGs38obtV5rW4nf/oK3Aejb9RqLetwbqCJlzZu1lmUZlRqoOKQzqUWCGykiyirPpc7bwP50E1oLLKPyZYOf8FbSwmK78WvePL/cI+1f8QZEBOnVBzXeIjDDS/Csh/p1oIE63JVnhOd4loyCeTZbbdV5097QmJ94boaowmQVOv0Fb9S8PamRN6CpXLSkeeMKf/G2WzD0DZueaN50dGo8AXhWjxeKrzfa0v54YZ6y9A69YphU7A1S4017Z1x+az99IhDLluR+whvCMKoutixp4s2fa89gaoe1X9jsFX6+lAncnRcVE7+L3OaN9FaVCCix4jUFcJ1Gofamvj6Sv7LY9K3YaavGG+wlrZ9JapT42a8+ymbe0DpRCu2Fr5/zJuIEGA4Va2/+WdyrC7t5V0Wcu6NPuhZvIn7bAbN6O0CwV14E2abRXPuMpW7N8Kb0b6WPyrClylsGugwxyo7xdxgr6mcTtfMm4xBo3yyraR5n7bEt/r/jTdMi1P4166qhaKBeMFnGvUvdN1NZKK/10wvxLMvmeuRKiy3IwFwaHdAdlRdZNvhp9FVGN4cIrqW++kT4hBBv41F/D0+SFotlPo97Uz3IaOPN7GdVGdfT2OD047xlZoL7EGmjibxxZbxgRptqbHw2KkVR4ZtYYXZHQBWvKCcpvkuP66mMbnQCRI+4ob+HAdG5Bcv3tIwXQIJqUH2Vf4OL9KIlLXNgwH5eWfxe30QmlOtELd7MJosg+uJq6xRivUgR7DAMzzo7bYnqvFVuVvysrrJTrFCEFt7icqD2OW+6R0Fiup5/+5vthbbV1VLRRH6bPT7VG0Lp3tetxQHFK1IkVAhXDNtUnGFt7HbFW3FzXsuG4mVxU9v4FB5T0JZ/63TW4KFVdPwveessmV80h/QeFDZvZnseBpfHJCgupxxVvlmlQgqmZLhnxzhV3qhPjgWnG8rLiBExK6Bs420Pz5AkbbzpMFHZwX/KW2eYR4RHvh+Q4g1rr0xuUHHRgdqABb7PzXglWU6wupzjY33X3S0juHCF44toYml9z6Xc+wLj+UclflptMQ8iPxJCZLa1HqmbWGHv+nAMvf8IYj4XjTMImBZwfmy1oK6qbL8hz/3tyomXeHl4Pm2KgHbakyiyof00z+3Jp95qmefp/nqh41DcVU6ByjbsWdZ+r0DDGsnh5nQ+nE+1aDSB68eNx0M4SMrGpw3i668cFn+VcIX/Dg4ODg4ODg4ODg4ODg4ODg4ODg4ODg4ODr8S/wOr0M8aMc5uYgAAAABJRU5ErkJggg==",376,42,control
14,Amelia Sophie Patel,https://images.unsplash.com/photo-1567532939604-b6b5b0db2604?ixlib=rb-4.0.3&ixid=MnwxMjA3fDB8MHxwaG90by1wYWdlfHx8fGVufDB8fHx8&auto=format&fit=crop&w=987&q=80,PM @ Manna Drones |  Last MILE,2 Std.,"Yes, Coke (Coca-Cola HBC) really is investing in a drone company. This is the beginning of how a company truly ""techquifies"" itself - to go faster for its customers and become more valuable to them. And to grow revenue and lower costs while reducing carbon emissions.","data:image/png;base64,iVBORw0KGgoAAAANSUhEUgAAAMgAAADICAMAAACahl6sAAAAgVBMVEUAAAD///8BAQH8/PwFBQX5+flpaWkJCQkVFRX29varq6u1tbXAwMA/Pz8NDQ3KysrR0dGVlZXd3d3l5eXv7++JiYlLS0suLi4bGxs2Njafn59lZWWBgYHNzc1EREQSEhJycnIjIyMqKipUVFRdXV16eno7Ozuurq6hoaGPj49PT0/HdnwlAAATPklEQVR4nO1ciXqjvA71iiEhQIAsZCdLm/T9H/BKlk1IZ9rmzmSb/0MzbZay+NiWdCTLMP4fEfbsBtxKOiCvJh2QV5MOyKtJB+TVpAPyatIBeTXpgLyadEBeTTogryYdkFeTDsiryX8HSCeddNJJJ5100kknnXTSiRL2B34zIeyrsD/4gdmP9PLqohQT8PPbpjosCFM9ul1/Krah0HAl3HgoHB3h/vBPiFK2323H21c3uZh/EXbYXl6cBigDP/VqHyxOw9lseFoE+9VUNTD/AR0hWU+CWRZxafMC0r3wKJsFkzX+/R8AIpjabvqFByAJhaT3+Lbob7bqH0BSH7JI2v6XRTxbBLvxoKoG412wOMaF5BZPlB3qZ7fzF1GkuYqhUphdX9rGlv3DOBSsZaTQIotwfOiXdoR0f4fnGXsAvHsB7TfYCoFI1kGuscPz01tiG952J+Qm4SV5O+U4yXQerI07FU3Ds8W2FFCoZFPYsThNDEH4TSdbr6+EmpxKnHzFJlHGuZzHtvp3IqwzZ/uCR5wv98rONOc42v7Cvbd/gYP2S7BivNj7819BwGVPUg6zKh4IOxaOiSh10b7mC+frBzHML55OxGvAwLYlpwibtLJa69mi+zP79KbBAseuEH50Sn4/Dx8uapJpsLVzmPvMESrhyOOnERGeTiIO/K/mYJF1NnkFGNAYDRZ3uCbOLsgWe7r++WDCyBzRB2jrIZys5+qZs8saf5UcwZbm4x+PNsw2vXU2XYCNc7DYR9N8fo6oMAVD2ltf0QKYSO1+F95wi3UPjHYaPgsEzaEJuEC5UeLnmYEqAV4jMU6EQY2yNk5tYHrlEzfjniCKvRWalys/7386GOagPq+VlSevMIKtSq6Lt+fMLJwab0By8wmyrCtcgRBgpB2x5+hB+Eo5/2jYJAda/Mae4VKgEVXJZUbR0s99CUescynPIwJmN8Hz0GozNc0kL6unRMJqW0BbQp8queaMcWtmcSAoI2eQ8RIhOKNi+wwcU5gNWehM5hVKikccWyMCViKqlPPpcJkwg3k6fRwSR81Fkmq4r/1GXWVssIlhgaGIVRBUfJkalxrC86FndJrgoY9JtijLQtQMqCsSdsfCr7kxHDNHUuZDeM31osVYzAQI9IyY8INwwBjMoRXW6lBgRJnEb4Vc97sdDmT8Fko5sQGK9ftMreCic2YzYI9BArQd7M/GIhhsgmAzh18/yTwI9orVhW50HYem70yFsv82wFYm4kFkGAm4AWPZo3hoGkvyCleI/jAssEPBnW+UfM7OJFOpHhh09aBAC8n6CAxMqCjqm2Y0UX4Qmw8qEsNi0nVAYvW9nBrmMxBgusAUjsRjmIpiyRZaPvbaoUzKJZc/I8GfIbif0r7V7hzZ80QYx0GMYc5tk0eMCN4QAruZcjMC/oXpzzAsEhiCD8EOLlWn3TDtaETI5qohhJqPIfSK7YHhhc1nGJek58ZEtlrdKIYHgf+jAhhw3B4/yeFaLaUIwRrsH4MjgXm8b38BP/vcpUTlJQoHhVTbDsORsTfdpsGR7l0MwB70L3kEEnEAB3y+D81upVaLXpzGv5E0zVr6br3P6NLI6TFrJegUUIbDI5TdFOQKL0S1InG7dHAWZlSfn6HI3DCVt+cgRMrr9qXALRYPyDwKCOfi9hfGgYAmJ5vRL3JajEZH3bJrcgRetDUkaLtnFyMAOrS5/5CoQsvVZb6KMiL4ri6+MldtK1ApcWr/Gf4+aF1PrKQu7q8ju4hnF6ROCeYiPXBpVe61uq3pZ9vlZ5IpWsDQmJ0nF1wMXOzu7kD63FrHX4deWA89KbVrcKulbXCI5MjMmF8g4afmMta+8/79EFD2uZa6NN853m3ul9o8hM/DAzGtEKuvgCAUU2pZt3Lht8VBFOJg7/ldcDtNHSe8dCnSe3N4u2dJ1sYHOjE93wcuDSp0EO6W9wACPQQNmLDvonTFzCaPKAa8yDXgR2kn2VGZ0yfP/9G+k2ATiKJpUf5OQ6LqSOY/pEyQRg42s9nsODzCr56TYxpR46NiKqo2PvjfuwxAFDiaqFb3wUFNhMjn5MP2r45yCzqqWV+kr8WcGC/48WTZ1h3Ny3bOwQ4EjNjmTsyRegds1uCn41wuIjn2++/wz8n7e5+s75AB/70watH8l44ZkN0Sd8Bi1WJd8CL5Ifkj3OKaGJROya3Y9InWPDOsamcceRTFlw3G8xO40fp7o/LHgkMCShjTrb6+AS274a9B+Uu8pXWFNP6C5Ud1+3K0UoRx5OQuA0JRNfCsA3NLOT8eLtQgagIRV/+AVnXjayDoa70RrJ3Op8sfiG/dQ9mx22YQ4l493tC+VXlhfzWP0fd7qkISK9/89p3A88/ultMWQIJkyK7LDQib2q6AsGvdTCUwTyJuj5DU0YR9Sv9gdoOFEijdXWDYbFPEC8cQf7yHW0xMDgW6PJeQ29nUFT//13zhDPX5PuQJCx6pO80tJqZSxmSHr8uQ2qykqeabxWk0grgkMKouL719aj67C0VWN5Zyeq+gRAykDYHUNUCaLJsvmLNnCZcy9QwmGjBbjdO6oEvPzCBIuRMQS68XjHLOVx1vyGhbv0LO5YP7bB4ZrqGz1BfLvdaELfidkinY+IDzgBTkmr6iwhoq53CzcZ177SCKnyVNcq51I6sm9l53Io3QS/KPIzcLfngR80q5+rqdO8kXdysaGnH5c2XAlwLOQbciLWAss2/m6FjiytydBDr0B8r4tSgkUPqCshCb+kIGll7eQaxjl7z68wuok9btmcXH6hvPWnF5H9f+90AGUrdJJGZKv1nRuRsQlL+ZWlgKlJikkXWIC+xf29e7TS2Uv1J2dVlX4PzHE5T9r82v83w+JSy+Dzdub35bnndd14krbXdryOdUhxC0gOUdpvLpHOXIk+doyr91y4ZucdrXpHkfaPBeyn15s/wWcSXhuAktNdt3/o1ruRLuQxMmWqEGUSGgX5xSTQ/QIVjLLKiSWdFqtqBl62816f/CIATVCNgixKb/masbo/42wldVU9uULywQipqs2qvQttiRyrUM6Y7fl8GSVh+4Trnok79CQp1nXEtE4mijsCsKLucjFFUvuIklXIW1XzWxBNLnuz2c85qK8MzMjrAbF4cWrnmrEXnP0nSZxmmasipephNc/lymHxDCZ3meZ3la0bad9zTdMBdQTNM0Sys6/6NfREVvUsNJGfws0xFN+mGWZlhAr47LLIXW7+AOoWK9FA/Ae/cyEnOL5Wro6jxyK50RW8HLiqkaXPReqSGEsfiXirqsQFru1v53eEpgAR6JmKy2rlBA8ncLUMUac6UQepXA6UMKHkOmMs6PNGaxYwLJbei8yjH7pG0WfQVh9gBDRbseeiKqoSuaQzklDGxvDjHiOOIE2UhKaZuJi6YktBNnkciBOKKvqPDYLVPA3DUC0bJHszl2fD+5hR2GS+7nAfRSEcwD9sYx1aim8DLH1spyMHhbrWmyQ7Bx8tM9lpHkGb7LpS7G9WRj1vMggLHtB8GY1A7TKZhDCSQtY83hqiEu8/AelUHHnC8Hg8Hq+xzttWK7uM95ih8GFgiroQ/nAru9ZOfkQe4iPvxc6mXBI7BJIXRqwJxdZhzdnLd4yL0iMFhHO/MAkJ1awgKxRiDGfKC41erCJyBAtwSMiHYjUjhT1AChE2C2HGGGTxSrUVecNVVCcw9EiMTOuErASKKy2KCwBQSOsEB8jfqtgXC9YgKVHYFIWeLfDWE5A8HOPczgGDC7JY+KyjoP+C8bILj4xeGMDaawcnvoBRCcoqAjsfqByvw5EB73eu8clV0AG47e4ZM7kqaWbeZRyt0GdV+pEcytaEGhh2gDqSTvwX+2AjOm+ebTiFhFgxHvHd+Hn7cL3AaIdjkQAoJGSLt1EBoR67EzLrcfWi+hAVi5hGW1dtz4GYhYcTkqeK4WuhxZhng5tYRVdrRa2d+D+B0QX089FwjErqU5ZSQgOIXCiEegSLJEAhXGbk0awPLIAwH/x/mhz2XY5/EB14/EJRA4OrZaJDNxk52kn4Bo/j4czqj0bYhFx5OqYp+BrFBLVcn5FoYhMYcIHNEJQBneUnaYepsDaHnODwDhKBCIvASiZVbBDW7D5n81v0BArI5Yq0XEtmV+0QkecANfH5q/JwqIWfkCrU9raqmFlPOBlBitzbl8/wxEMDK/njzfQpQFgmpsgSj0I6gjJ45WS3nAheQUnaq+TSTCtBs50jkEC4vKA18vPAuGbvhIIp7LKNmDZwRlhxOAqYDD7xORRKt1bTrwOsGUbYqmYwDte8MRoallHSJzO6aAyugh1TwVvqYpJq6B06g0cAyOiHDl1z30gikcuUQKBxoNB3GwCUuwdhR1pQDE5ef/XknIl/WlzrDBqOzAtcAF4ArmDKtffKwBXSnt1KIBq5A7yQiCb7C8Ncy6JWKC0xc+MOkj/xxZaGOpc6bmllaZTCOrxNCxj+W01y2QXSG2N+zUglccEaIoHCkKcoyyLEfKOURZIuuu5pHUEKtgmUadaJ1lmNDaYNusH6FYSy0l3wowXdGH2oLVMHZqTRWuJuFl0kphJa4upNzfAgo5OBgRVHaFFGUFPcwlKTvJyMZRwGZpPac64XQRIoT5tZ/Q5l1kvDB08M3Bdw6MUq1Cy6/geho9e8TXoOxugXHAqPhRQ8RwE4qCgV/frvXhrhxkRwxovJwrdaJVZ7mguDB3bL+KOaV1sYj3rYiwbG5D6yXwdmRcOAi2IRHsPQXOHoJfTRSOCAKhoEUPRB93xFGf3UhH2DoMbS1oEq7Xa9xfvMZihXA7rUG2awxkwYeH62m4DqdsGiYJ4oePYE7rt9XWG4QwnBqXGWH1dE07E3HPRRgaZuA3nrWe4u1CpeqwrqdwD3ObLIrye+98ckH4ZrXzJf4AITzxpi5wjxFpb2516RjhNyPa6wuf9WmiArfrkrEbJR9+i0y1X6nB7htamaK7N+ibHhDOmjbJmR+uekex2SuI9Spz6amEh+FSIJQ2YT6VpZpBUD5XKtglq8XLmSoI5uIxVf7Y1gUV+befDEBFjW66GZ9TZOQQFLvY4u4iJWFaXUFXQ6q8uBkj+V5sg8D39c9pQvq60WJlE4XK2Oe6qHOER77Tfk+fLtprLwdOMlfiMZML22vqUurAGHZRaEyNpqckNLRCNNqhXFqSFJyS86Z9XWMCLcuaspZ3F+orFUhkSu0prlbvedFXJsiKeAemM02BjY3SVE3jLIsDUI44W8Dv3hJC+NOyXvYNm9uMHomwVEAGXtMeAMXe5BjxctK+3yGK+sch68l0WOg5bmjtA4+MIjOR2WwpA/ahS6CYKsMqv34EnPFDZNH0fFkst4mO5zvcHQclaU0KUV99HpE6KmusB5JAZba6TMYy00mllzzcQnhR6b4a6hFWXGdldFTvXE2jeKUXLfsNzFLaio4HDYiXyw2VLJAnVIST3GAylL/t5YmvFsVM1ghkLo8mjwd6pFSWzfhbj0PEH8XFLxsqHwjAi9kWwO1D330HfsDOnPEd/H7nq43+0KO4N+LVlkclz7cVP4VRwVhW1DrucWA0EVYLoeC4hpmWxfYJz0dR7U3H6CN5D5nHARgk8D49OchJnPGxBZIddqEaAbvkUcXy3AyjlGMAKKf2VLzCEzcdg4FtbQPH3aubhE0nupgkASjKSE4WMjIHuZtILOsVabT7GMqFynIWQg9gsp277LTfBn6PCvIrcMC/t1Lixnzr4T5wcSBlmygqYY6ImZ5WEHsHcr+VmDisMQ6odCqWOYxbxMH7xzo0xClXgKx8znb25lEJ3D0qQYn1fLQYgxE9LHbQ0yvwlx81qzaTMBjDwdsAgl8RBGq+Z0YFAZz8scEtxi/wqARs/jorOX9fU/Dq12gtm0c2QlVatm7Ls0i3ecmvy4F7X79zXi7XN1y7/f9QuIaYIwRx+dgvBTJH5Btq4lcO2Zk7UuTh6rLYuGg/TuQpWEjUHAurZ+umhd97NE+EHbr1DEs35y/wWCpMqy9xz+3edqqfTzRCF/0rmu3dwlF7ZfYlPnKneobR/SzIVdUJUwTpSrkGtsxP00T/pilxhINXuMtXn3A4kgc3+3eCT/7a2sdSpasm8LCVAurzgbR27ug9wMBnQG2ve9LC3YVyBULt0RDzbO6a79i+uDzQ/wEOmmPWh+d7MgUvoCOC7KsS+Og2rBofVobqB1zGoXUgFdIIYaqhLZovNol4sqlqiatOxhg2KOzOkPz0tm6skz+ssWbrt1NOG6kD0xR6vIC2e39C+rvruw16sXu8YRsIw8cbxm6zgn28IY3HzZY7byr1IdOuHLaIj58eOOmqTPUrPnDyVxH+EaAXO0Sb9/gI0NdQiu/Fkqzmoay2GEe6l+ahrOKaB3I9XRzhQg2oB/tgMcLH5I4WwX5QN27/RezU9+LznU1mVzTgPEN5CSt1jbgKOsrEnzPwFpF6SvT0B0Ik3r4T/rN/8Q8GZf/E3FLNAoNg53157rl5funjH5lanXTSSSeddNJJJ5100sldhf9HpAPyatIBeTXpgLyadEBeTTogryYdkFeTDsirSQfk1aQD8mrSAXk16YC8mnRAXk3+Bxlu+cz6lDTAAAAAAElFTkSuQmCC",210,1,control
15,Benjamin Carter,https://images.unsplash.com/photo-1542909168-82c3e7fdca5c?ixlib=rb-4.0.3&ixid=MnwxMjA3fDB8MHxwaG90by1wYWdlfHx8fGVufDB8fHx8&auto=format&fit=crop&w=1480&q=80,Marketeer at BeyondBand,3 Std.,"One of the most underrated branding tools: the shop window (always in 3D+ even without a Meta Quest 2 VR headset).<br><br>See the excellent Lancome example below.<br><br>Where experienced? Champes-Elysees, Paris.",https://chafik.com/media/pages/retail/flagship-store-lancome-champs-elysees/983d942562-1655894456/dsc-6582-q80.jpg,42,9,control
16,Caroline Cheng Park,https://images.unsplash.com/photo-1580489944761-15a19d654956?ixlib=rb-4.0.3&ixid=MnwxMjA3fDB8MHxwaG90by1wYWdlfHx8fGVufDB8fHx8&auto=format&fit=crop&w=1061&q=80,Service Sales at Schneider Electric,22 Std.,"We enable Building Services designed to achieve your individual goals https://lnkd.in/ed5zcGCe<br><br>For this purpose, we have brought together our #agile development teams to form a #solutiontrain
Together we have one goal: A tailored #datadriven #service program designed to meet your goals and be your trusted partner on your journey as you move from a reactive to a proactive approach.","data:image/png;base64,iVBORw0KGgoAAAANSUhEUgAAAZkAAAB7CAMAAACRgA3BAAAAgVBMVEX///8Ank0AmD0AmkIAnEgAljkAm0YAljgAmUDP59gToFKx2L7V6tzx+vWo1bmh0rNRsXYjo1mOyqTi8OdFrW3J5dT4/PpnuIR1v5Hp9e7Z699ctn+328Sl1LZ/w5iLyKE0qWRvvYxkuITB4s4+q2oAky+YzqwAkCRNsHQtp2Ago1iuqVkZAAAVQElEQVR4nO1d12LiOhDFqqZ3gzEd4iX8/wde3DXSSDYsCdlcztMusa1yVEbT1Gq98cYbz0Aw7c1Pp3l7Fb66Jl+KYLUKXl2H5gi727PPOSG+TwjhxBvt1n/Hz25SYdd+UjWfgMFeci6jfqOH22orJl9cMwRhPJa+YJ4KJnzuLdePDy5JRQnZfWJt/wptz0/bKfxG1Gxk1QjKvrpyOlaRpJCVEjd2RusHP0uV79Cfwkwsy6ZFTZ4fqK3ofHXtIIKjFDgt+dzxyaH3yId/IjMxr+okmywHL2TmRJy8ZMOLXx/g5gcyM5dKnfiqwRuvY2ai1tUOMrj/0z+QGbBm82mDN17GzJZ7jUB/BTNdH4y2Jq+8iplhQ2J+CTMXdc6IY5NXXsTMqtlS9muYAVNGNto6X8TMp0VW/qXMBOoKQQ+N3nkNM2tiMHA7XhLOOfEpPHf+CmbUGolrs1dew4wxZQQ/x6deGIar+WB75oo8/TuYOZQNEteGuo2XMDPVdxl+gIqy9m7MxW9iJuTZWGSy0e6f4CXMDNVCE2KQ3ptOOmlrfgczremVU+rL2bzxGy9hJoKHf7HFH2sfJP0tzNxasxnepUJ/CTNjOGWI9UgcDL2P38LMvXgJM5pkxl1a8fXp/u+/mXkUmgBAnm3cejPzKDRm2OXJ338z8yh07T9dPvf7b2aaADtX7fWDJp3dbfhfDbaXDuVS0utlOZyDrQplJlgv94Jzeo2GhnlkpaL4VNBNXpDEu0zqltt2vPhkRJLbx3cn9CTZUwroYU+042iclMY+F8NUr9aAmWl3Obv1Afc7s+UAF6P6cxVVwd0RlZId9U38YJjMmNw281vIm7FkvNLiMEEJ7yiOAwgz/SUp3A0Y5WNtIhFOSnxsslYfSv8EJgiL7Sf3+ZGQsjKJD8PFtJL3/1QFkD+GRnO6pbdP5F9gt38ve7XMhLsOV4qlvBMjXTj/UAsuHjix3CWBdGBdB9pJM+1B2diy3L1yxBoqfFl0iclMDO3ajHRAYaAiqZi+1Qzh1LesiuuOYZplvhhqT/VVlSbRGhpGhtVd8P1BXVgMZqbmO0kXGktPW5WDCyF4q2z0/KLyGaI2AMGvwwYTZ34lNkV1oSzUmQlmhgaVyVj5JmjfjZmwY44djulVpntTN5vA78AF0MXMUGLtYeBHnRl94BQdAFplY+YI6iyIOm2MjaboFYmsBBAHtB15az5RZvodrBlc0TyAOgxuzcHKoKYIiXdqWhUJXMQczIxwbiEgM1Nk4OTwz3DZRZhZ+vAVulOeR6wARYt8snSsav2rtU6elRkP7z5ZaRdARbs9i1nPMKwsXIZZovou2Zn5rHdT8TRmTo7B6QkGVjSTma5eaegvcnV9m49tGpmp77S44cycbW2XZRtA8Usr+RKKMpFvezAredSAmX0jYgAza7c9mPkqNQYz5k4C52Pb+XXmU1QWCt3EoMxoCzb4S9l14Oeyr5AX1docADHMv4klTLUseX51TLMxczRHAVpfpfe0rqP81vdELZZ5St8ZzJwN05imT97VrK7U1/eyGzr4Vlm2BWVGeU7/SRbzGHlccLEfc20oqALaAKwKN1E5WSqC+VFZairrhoUZfWVhvvT2e8oNx9WKmT4YD9SL03PMaiIqbsTMzkzX6HdDNxa5NoysUP0YFBkzXxDOZqPL7UBIEsnezgzz/dnozLU/iGJQm8/Lbdri0xhK2/uyMmBVYLSq60qRN0pdLc5MoC2HMsqOqWH3om0lFTMztUKqFHOo+pxsrMyYY5u2dNSs0klF4Y671rcu6m+LU21/PtlzYWWGjrOe62qDsaiV/ry4lidqOByqrWkG/JTArlvZ0ksPZpyZLaRdPWNNoWhbMgM6gYNj00ShplzPIDOBbrO8VRHxF9nWejbRq3q+0ehmXFvvwono4MxUQ6uv/WGFMiM+lc921L/4hVA/V3tIaoeXaswV6yXKDPjRE3vYnFilrWQGvKF1alSNiLLB2pwpekZQmg9SH7OyrGsdmxmttEFDOMfYFVG1dVFmpDK0oKNboVTTSu2o4sdaLbeU/dWNlC20alQjs3D6Q5mJYT01mQfVzgBfT6K90a9YKH3aATNil3W4z7abwe4skxIkQsxtnV24JPO00RSVbKstBQVsMQFnPqD0EDvs2xxyrraN5csTINh0U64qILNZjzIDZiPXPQRQZtQjummkr1ZHWuw0bXjeT9tQuIqHOyKsESOrWQ03rPDOmkOhQrj0OIAZzVcVDqJcBACf1v1FRur0OGe/7dQiTAeyZdVFWS9gzEzV30wbFcYMcDrS1W+tVq9sWymqtE29lFcNvGD5x24k6SGqORWF7WYJniJOJQ5gRu83dT0oWPOQ30qo+3QxVa/qC6aDSbUC5mcmjJmNWk1iLPcYM2ADR/zWlQ0uH7kmMxSsCD3XCA93wrXh5JsomPrOtazGcqYuCMXi5LleAN0xzqosXS/c/l71h5/+gDFzVBvtG9/AmMGmr4pKYCxEFYMZ2dyvKsEpMg9XZQ3SUdeHO7fbocbJjNohKDP6txFmTurEY7NIh9KDmfiHMaOONTZq6cCYAULQ1Sg2qpySih1UZ8bmQWZH0J1Jy9kzPUPAbYa7TaBOZg5PYAZKVcxE9cds8GLMqGNNmMHLCDMhPNG5ii2oNphpTkmFMO7g2vfk3NKFfeH+kpOZ5ROYWTbTQ5a1x5gBPyErIsKMuWnYkW+v2iv+xiinGeYjRFRjiRoIjNI6Z5svZyaqEfYVZMsHwgwQzXxz9UeYOdWqTZRmZF/RmPmL6PXpyLR5JLvjRB2lrCZs+8uZmTVnhqUHdYSZntpniMsdwkz3DmbyEyRkhupW8LtgWtWSXWX3rzIjUgVBLTOmtRBjpk4LrCDXAkBmGoW727HSqSGrn7aagbBLzycOyLSIutWMNFrNgKLIE65iyR+EGVHv1+f2ktFda5KpvoG/uT//5cwswFHk1HbBJjWDn3zz5IwwAwRUse25is2pbtfMTB2jkdNJRmdmrm9+Th/1b2AGrK01InwKTGoGsplpJ0SYAdMMEbQRoF5NDiwocYlvmmtNspqBSmFDTMWXMwMWfFSPrgFjZqxqJ02XKeykCax1jbLX3M2M8MjY7pKqaqW8fFBCo7t7o/lyZlZg8DY4VmPMAE9V8wSIMQPiW02FDoIHmPGYjCwRTX1NcE5F8xGYR9y5YjZmptCBq+HUTZjRfEBq24syA7reFAEwZoAR1FSCIniEmcSj8IimxtFO2OlJUxML3CrNRswwQWQhrCw+CSkUd42YWYDBW5/tC2MGehIYijOMGdDPbKa/guAxZpJ5czGJj/Upk+6OgebM4xIA65lhVJ4nIICgF+8zxV0jZjRrkaMumWYRtZyBtclIrIFazkCp3DFp5phsdgczqVPLYa2+MJ/pB93cK0ILICAYNUG2PtYxQ+Wli1Qy3Pm0ITPQKIF5OWSYju1WAO0koLsuxxgzUJUqrAfH7Z+ctceZ8VInfi/axpvBYLgbUUOpWez2ehIBetal1fnhIxM+3cxIMbHKuTvOmjED/bbITv9Q3kGSZfMJZQY6NQm4OEF3toKZAK7plqwPJ4/6z2AmLSNx5qBaYpMM5TTXFbyMK3Ed/dOSEpHrhdzMOG074adsxIyWBoRgIuxGJG9m1UO9miZwBnxWElE/gkt6OaGGYEQwD5GEejNeifJ/zYwdiqRv0CYIi3abwWayuHI/+WQTZuow0k9aODNatikhtNf6McumRPY/3EdTE3XkITtJrLb6ylEtddpZTx40Afc0SxNcfD0zjFUTFvPRTydb6Tn6DGZa+jkLZ8bI0EbJYZ33Ur8dV3bA7BecmZPWIkH4ePbJTeO7zXs2EXDPwzy8MFh1D74P3ci+jhkQQtCt8x28k5lgOl8PBt1126lfsTDTWuqaV+Zzzq5Xj3Ci2M5dzLQO93ucG+OTUSJpZ9wRUin2UWbqPWdzaN6Pgxpq7mBmOjh00qRdlPqEs6hrlXNszKiexHYIJzMtawgJhCq4zZtk7SMPMtO3RLPprRL6SdQZ1NOcmdXO0xJFC2o59jqYaZKklUduZlqfjWwuQKRe0drOo2L6GDMJN7pjPtKqkTmOw0/XdGvGzGCMln3bgNF5Y2emNWfuRlCaqwcc0YAXfOZBMRUedgLE8Ku1pHj0fmZulZ1QV6ASIx38iDv07b0h688zwY5aHagExbSsDmasoaxZ0XxXUO2KoJ1gvg9y64w6X3v2ASrkrCrgEWaS71+kZWIK/mnduYNYYD42jPJOfoR0MDNxT1WJqMCczLTCrR7+lLeAiEk1BZ1R59Mz1y5GIJ12XT6AARp6n6idIvXzDzJzq3H3KDhInXkTg31+3bmzgJ8OVMnUkKZqIJdhKdl/8AogC1eX1i2hCDWx8jmJ6ZW7kZKqIRGuBOVsCWY8yNTwYRwP21F1bUWRSGKo5FjgmJtYe+vduo6BXuCXAex9PFNDQ0zX8WF2vYmcUnLf2y/iU5MPrAbb0VUQKYm4jrYD0NhpWGFaDdzw3ECYkoZpoj9Vgdemt1nOOrfa8NsEGke7rvEYMAQj21mSe4XxWwd0ojgblWG7V6JtMXpM17tonPYcEZ3ZcmguxgFIq4J/5eXYcKdcV4w8Y71642sRNMqIcIP/Vz5Zb9yLKWusdnjI9feNB2HJboA6bDcwUb7xLMQIMcKXdD+7qMiTZpkRE298EXbGkZn5YmuIgEX2/kaXkLzxBJhX3fhXbMUqvA019+/pHAFg9XT74QddQfjPwJgxjOPiVxEWq9mbY/WwVhwWgRPS7RjJmziyvAGwMewZnuW4WHj4C2jVN/NO6NOKvzenB2BYM9jYZokp5pbmMv/vMRMMt01uUnstQvN8aSOmjA5h0EkpZYb5AHA1+2HMrBJz4KsrUYsOSZ1yKl5MvViB0o0cYYZdTmsVXWCf/mHMJAezv4xh+nq0N4ME3X1BDDViG9b5zchxGUiGrGZCTy0D8LOYSZIV0Z9TnRqUdiZD9dL7KC5HrjIdmRLAv8TM9IOSphdDvRxl6KkZDhSb+zuFrmMvZeYRTdFp++9k3C/jKs20ShfTNKBFTLySmaOz3H8fVWoUU4+cicoMBJ9C97MXMnOUT77L4odgXhgRy5xXZjavLNyCRa1AAXzkdcxEfoNo5H8Qg1KrYiZkK5FlgHBmGPobZsJee+W2nQerdm+F79cRrY80DNtN7k0vMe21e3dfW/J0ILZlM+w6c+B2Xj7+MDPzo5/c0cGv1os4wt01vcVDjhGXlFEy0zv7FFegc5he9/txovvrjyTh/lb7/OftBSw2YTDjaX3E4YEbyp6IDeKRZQSdFpFsrg89yEx4Lt2OqCVRXuWsxoTU05VdsiU4s+nBXI5TyZg/SQ772YzX3OR8xoSZ/Kzrl95XjPiv1N4IYRxUzO7LFP/uNeMxZtqZP0huKJWIdlu740ATTkBeZk1cTELwb/J/pXn6A2YcxWI4DzDx9wvdaFaHZYEy3NXMh5AFC7PZYVEi0iud6s3O8UQF3JcQZrIIOZ/sZ+N0Ypip+IIsuz0liS+T0CKkg0+ZqZRYqlyiHyYzcWuc3HWdKvUgDxgzWap84d8KS15pkE3jO1AqxMyMSJ1iMalg6AIzXbNQoYWYIcwk3c4y/9/+kmML5kikXbXr9YNwviUUMBNuBt1Bqq/rpuqlAdi2U2aGE58vT71Nh+q6QISZLM09j05h0O/FHfLKOaOgzK2sJzjWk+ylY9hYdxArAIMpL0xmEs1Clegyvi07vib+nZKixaWoUbA1EydLWw6fhBl2pHmkxORDixJFmMlmTDkw1z+DmTLu3swJiqSlMjNTPMJMMh/8ahzMmJHBIBkuoP8M4SxwMuOxcqbod96ZzKRNUK/6DV4vOreUnhVGBHKeVltJg/VhpubJ7DNchYQ8GMycCNzUEkFDwgUpGS7EedSpYcZsTQGTmSTFjT5pXwXlQF/GnJrpQFj+u+JBbH4qtc9E/RAAPGEwkwgWagqnxCsHurEluQDsfZu95GbG7thvMJOuGn+RqPGZCP9UA7wUmg1rUpbYpyb58yNSc2rqmVau3lOhC4bJbK0RkNzMOHKbGMwkGetqhsG3AcsFavqSZ0ks6hKFPcBMKvKpSlJP7+RkItckW3Iz4ziDGcwk8kiTXF/fAcTqgrQlu1umTrZ/gBk05ghI2skvNVf+1jBjH08GM8ni+kNOMGqSmsJpWRgBRUF2hq5bgB9gBg1CAznZkpFj3vQAq/c0ZpLsI+QuzefXQcmGVmRmPxqbez6xzps4B24KfICZJHWeOw4nrZ+7DU+eM/fdB/BlKOUxexql6iIdmuMDF/IfYCYZGNIpEicVrAmbfB4zMZaC6kUory5wpNDQky5j0bMJHmAmsfqYtiAVyXJbEw7yPGYSeeinuJCU2UOl9bC70IQE3ybsPMBMG9WUqUh8RmrE9ecxk1rb7Y5234pyNbPKP0c9s441aeojVoBEbKaQ6ikQQNKIEOzOUOURaSv3XmbS5UG5cfKVKK5UsEn9oZ5URNjH7yPMpGY7rnRev8zSlyPN1gauNzR2HV+deOpf72ZmzvWx9zK9WZGk1XK+MtJWwOsAIVLtzCzXxhcA30WsAOnF1P4+UzYGp4UUWlUykZ2c81+nMTP2pUTpmS9nq0g9wt/NTOuSmhzEMGtlv3t5WQR3oUTG3HvDiZGvgXUcYlKm0aQABKx9VssZ8/n1fO6kWTb0QXL6SJ8g/nmxmAlOfUNWSSceHU/i7ZUTdXbdz0yQ2VYpH0eLUUf6iDX6m5CnRDeUS2F6V63GiyesgRsJsCgNSARmbS6TyhWBuR/69C2ytbHMHo5IkanVkwmqa93uZ6YVFrHdLC0MuyTtm9Ap+0UBJdxHUnVSdzUfY6bVE8p7tylnnifaINMTNx+YVtpYdc96hJlWcFETVegX3n4jJo3D/z1e46GKRQNK0HJLNODOJ4IlhmxfjvH4w9jjVCTPUEJGiPoknEkqkhHlL9Ute3or8MPOzK2+fG/+fDrfVjFxqw/15efrzp39JonzUmBuLQCh9e6SAklILaowPE0O0fGApKEp0Rsuj9FiO7AF4K7iQ7SYaJqVICnQ/k1rdcLudhEtls0S+3wZGl4SJ9gP0cH+fxA0StXJzdtF3vhq6Bl3EVD2Q8xJ/zNM3MkmPSHvvo/1jefAmRpWyOOP8Oz5f2JtzTVHuZ61/Y1vRR+94l7wTvxSufGNG3pH6asXmwnKve07e8+PQNBN08ynKVzJ59Jx6nvj+xFMe/N5XVzeG2+88cYd+A926URaz3jLjQAAAABJRU5ErkJggg==",401,41,control
17,David Chang,https://images.unsplash.com/photo-1528892952291-009c663ce843?ixlib=rb-4.0.3&ixid=MnwxMjA3fDB8MHxwaG90by1wYWdlfHx8fGVufDB8fHx8&auto=format&fit=crop&w=944&q=80,Master Student,4 Tage,"Wie schlau ist ChatGPT? Maschine gegen Mensch. Wer gewinnt?<br><br>Wie gut schneidet ChatGPT bei universitären Prüfungen ab?<br><br>GPT-4 hat deutliche Fortschritte gegenüber GPT-3.5 gemacht.<br><br>Sorry, ich gebs zu. Bei diesen Prüfungen ist ChatGPT klüger als ich.","data:image/png;base64,iVBORw0KGgoAAAANSUhEUgAAAOEAAADhCAMAAAAJbSJIAAAAY1BMVEV0qpz///+Es6dno5RrpZZvp5lmo5N3rJ6Quq/W5eHz9/ZxqZrC2NLl7uzr8vD5+/uty8Pd6eaZv7XN39qlxr2Itam40st9r6KVvbLG2tW20cmnx7/h7Om+1s+fw7nZ5uNen46yg13tAAAReklEQVR4nN1d2WLiOgwNsR0Wl6WEfev9/6+8CVCQbMmWnTAtPY8zNPGJN+0qBimYjT8Oq+VoXf4M1qPl6rAfz5LGXIjJ1auyUto0KH4O7eu1UuWxFtOUMfxcDJW2P8jMhdXVcPHZF8PZwqifnDcORuuFYCajDOtSmd80ewhGlXVHhh/Fr1qcBHTx0YHh3uqfJiCAtvtMhp/bd+BXtMfO9iuD4XypfnrkCVDLeSrD+rfvPwdWc0cOw/BS/fSQk1FdEhjOhr/x/ovBDMnbkWI4fr8JvKEayxie35VgQ/EsYbh4X4INxUWc4epNLkEGehVj+OYECYoOw8W7E2woLkIM3/iQecI5bhDDt70mMPClARnO3kkSDaGaMQyHPz2y3jCkGV7eUVSjYS4Uw/pvbMIbqtpnOH//ewJCzz2Gy/fSB2OwS5fh5185R7+hPh2G2xe9yBitlTa2tVW3JvN/t1K2mOH+FbvQajVcburT5L4nJtPxebVtaL7gXT70HjHs/9NarS/1ZOBjPl4U/8TIbCHDj76n0KgLpW9/Y7r4B5ZY/QEY9v3s4swa975Rl68/254M614/qC6ivoQrvl7N8WZgvDIse3ys1YSthJvHF9v0ym+G0/6+pVWX6PqEWLx0GtXsznDR25c0OnS+UJi+chrN4s6wt3foUdIE3nB53TRac2P42dc5o3xTngT711HUn1eGfS3SSnaE+nidTNwu06Iv1d4qOnBgul+MtlpVuiiXByaCYvayvThsGc760XzViRh6fTFtgMr9J63wbUlZp6XYyuhatdDNn/Qk1VWzhmE/1z0xg7OV9p2QtpFXj/5Mzqrh8rAfn2YNpp/1+bhuNBLbnWZz6ReDVR+fS3l7cLZjQ1SM2gmiRGbtAug6l+bYMOxDoNEbd3yrYAiOqWSCwamR0LtxLBuGPRxkZumMbBwNDTOsV9p91LpTuJIaFL2Ygb0JFHz4yv0s7ETuqvx5VLNi3P2gcY7ReSl6pKmCYTCI41ryyUjocfHR+S4yWJSZDCWjscKdeEedGxFp9sWh+22LCYrOeLWeJvBrkRneYw7FqitDha7weSEgKNWR8TRmbSe7KpYdGdoSjaOMP85Wh3R+gzYGJmMzmmUxymAFUSFh5hL90I2OTFngRFhnzMaoWOfQAgNewyHUsc1idUnJr1dM681xuRstV4uPL+YjLNNX6rroKNIgpT7q3dGG2YCzTSuImitsayYfrkhrQXyNuCi7MoS+yJh3xxLRLtcPc95WngBqtboQ051MsStDAwXSU3iNqh259iZHTiyzVelP5ChxL3ZkaP6DSsI6MIVWb2kNeVGFhqz8bbtNO1G7MGy2yw7aRkNTaAwtotU2MiVWuRFAk7R1ms3QquHC+bz8zWoYG9VJIsGaoSP+jJOkm0yGjX7nrZ4J+2I1IhXe+UUoTytn/pPEsCyGxmwIqZnzX+khHWa+ketErhCUMtgMhsZX6K+gzxmj6XSIcZGynZxV/pWwTtMZclrPnHqrUSvy17N1oqbgUNzJ12kqQzPk0qm+iDlRa3oDimwAzqPQUpjILaCJDLl4+AYb77PqIe2mOWc58it0tB3Fj0hjGLLbu3eFVbQfcTzMNJvYvElMYWhsyMrphKvoHb0BR9kWdmzQE1t5ExjabdCwgkdu6OW84C2D8eRUZEwQmwjlDO2WHPMD+I2G+sme52DVcrNZRiyjSI8JCcEQYoaGIgjOVbwxDCGlfW5Z8/W3b3wetpRrKNtIY5zEDIf+Ej1D/R4z9A3ak4CtTJcPyTN8UcJJJO9fAkKGVnuq3dloOwIM0As9d/6BvwEN1vtDwg76cEJFUcjQ8519tme+kTIM6EiE4e3MLlVkFBKasmUMPUn0eF2TQobTQGSQWhJ6P690KPBr4WkqYmjWeASTe/qsiGFAR2L1fvajGCi7yY4aEUOFv/P0+0yUMJzxOhKn919RF9QihG8Uit8Sho7+8/k4NSUM2XgrTu9/gDycNPxBbwzxTQhCQ7owrGi9H2Ky9CU86MiTOTIEDLHZfga+bD7DYHo5+JqekAAv/VNPDNHSH8wt818pDCm9f06rLa6gB4Ul3jCUxlAhS9eoO0NS7//QirOnotvR7MB/9cMQ3xRntDCyGFJ6/9dVZ2Rs4rMRfAT05fVz0ii4YZx1kcGQ0vsfFLjjdQzKV8BjT+KMjTNEGotzAyUztIow08FlaBjf1NPwAccjCsiLMUSeFzeGMJEhGT+8d4w2jH/xoVf1zlCFPC9pDFXpBydQ5VNIUbV50E2vQqu0D4bwgZ7nJYWhsf76m+xIo41VtJ+/bnM04EnTx32IFunF3dhyhuSgeb+aJj5Hi43SwBwl04EjDDXcFN4HFzOkF95sF9Cq6HibyfII/r4Phgo83RcDZQx5HSlUxYhLawD/SFnZUxkindpXVkQMq5CO1MgyAacj7QF6QGaLCjNEJjN/KBKGJ69OhYMj7+Xm3ALff9mDTAMleUKEFttpggiZwRnf6g0yK2GEIdhAxJrIYThd+YdOwJXBuedayPwDYYbQfEFkZaQznK8qcnsF3FGci1WaCBNhCB5IWEWSGd6IUNsr5NNntqMwESZyloIHEr9LZPhcjJQGNQ1Yu0mThzARJswwIuYmMUQHCrm9at7aTelVQtdMmGFEGUth6IZ2kdsraPv3rlXZJMoZEu+WM3R1pOtviJCAgP/G6rVzCs96uPFREZR8hpxwVhGpM6eS9cEZ18kuqlUSZGjhSUMUXZAxnPACNmm2CITluz+X1JuJ3PjgacTGFjEMxx6Slv2AWuVkoQgOm8h9CA48TzsUyqWRlWT/8xkGpl3v0A8FQXwRhmCf+PEyMt0idhxUBMOAXqVxCETcTRpZpWA7EdlDL2TYOkDpwWtkLYhrwRHtCQT9EDb0lzIczJnoaJzBQmyeJIZwSfiHKWKIIxV6YMiFLVgNxaHoJMZsbeBZvqSLnDbors5i+CnUqyzyFcX8pDE7DXipH8aNXwXv6iyGH1T1UUqvQjX1YqnuMVsblCJ8OdCJInq6wvIYakav8v4GuRoi4mmEoYUb8ex9TeWuq28fRCZDWk86e49AwVHENZbAEEk1fs6PObqjudtAsxk2gtzR06v8JAA4iZGzJsoQLhv/rHGj6Af3uzqfIaVX+UYwNKxwmbKo7wkKgkTiFmW3/dCmC8PWy+/oVd6dh07xsDkj6j+s4Fbzd0Tzxf0DcH78rxNDzx3sHyZQYg7nase93EhIohYEdQBOH/6OPIaNLggVJZ8hPGvmQeE+HqkAzxpmVzMh+V0YFgXUOXyGaPcE7wsBQ7QKP0iK1AGYwdDQ/05SgMp5UBGOM7Q4oJnJcGTttq9iGFHsUhi6Ec1ctjFlWHohQ3hfBMO/JHFtFd5lbEI1WZMlpuOD/ZbGEGyeoH1fwtANLx1xDzRUni9lSAQDBVdfEkMjdQaL4kvdK4+vP2Y0ZVjiS/Gg3ZvGEBymwQA3WRS0s04H+1DYrx8Pw3gI3RM4jSGQaoIXojCSHakr7ZgDbYSosARKk/Vu0bTbAjLsPodOCOZ1OPz2IuteuJosIQnlz2EPDAvt6UmhJEKqdgn6PZmHmr8Pe1iloHj0E6H8FirE6/F7JpIkbZWCCIjuZ2lBpfm0CHj8yBpCt99T7JMZQo0gGA4tZVgxcucm4PGjVuJGcRFdqTc+eEpQfZIyZFPzJoHeV5ReNeHDgNLk0in3h3kMfYPME9NAYYSQXtWNIVTqgqFDQoaUqPIEnd9yhan4eJgrJs9TP4UhikcLevSlDNnCQDcEnISUmeOJg8rTLdBDg8Y2aXYeEFPIOQk4etmyEbez9Rmzk8IQqofhQs/SOQSvG9F7MtQPshpR98PtfsxjCE++cCJihly61Uw8Ja8n6YKw1t9lnCyGSCcJ+2aEDHEeB18viNSTyJ34SBTNYwgfFbYiyBgiwfu66pmAekJPslT4E8gRyWGIDCuRFDYhQz/biCuc5+pJVMA2+g45DJGPNOJATGf4UFXi+S1MgUS8ljMYIit1LIMtd5XeBkeL0PPVPTOWTAJy8+0yGKIaILFMUuFJAyUI8EQuoP52D1TEXvVzJtMZVuh6jVkrhQzh9YN8F+Q0Ddq6AUSlNVIuSGaIlfFodxVpTQXwTCdIhwuoJ/71QOV1pzI0uJpodOhSqQ0sRs9dFwyof4KRz5PnEO2LTTQCU8oQHCl+0H7AMfMAq2MlMjRobwtaqUnlUnDoU1YR1jHzPRI+UD1Jt7AGLxdBKzWpBgyFCPIXfHLToF1LfF5MyhyaIT6dJXXbpCcNvC6YEk1qxBSODdRjsTAmNspQu1bbXvKAifdxOWOkYyZsc0Tu+ghD4xUPExXGEFsT4S3L6/OeHS1QF8nTUMIMfZMPETfRgSHaiPwR7RZCDiXfeVpmgKHRQ0/A/eoj7wkCTkxog1fPYtZfvNpPxbCfWYa69AV4WS5CAkNURykYo/Od85ucdYcDDmDOFSHgi1vTiBmiGL7IRWvM6rwZ8YXJaNMU9gKiTIgOBBNWKbLrx4QlGyigx0kHjrxbkj/6nlQxwQSGKHE9v6knlzI5cQIgvLYnECmVhBOqCqK4mtzOJpyZ37NhmUB3gUPKyxMqQ2KL2T6nhiWnae2NHyTLFhKds7EgJFKqeyIT3mCVXIbUF0puIGteK04jqxPruybVL3Vq+aZR5CweVL2rFjQ/XI5HgqQatM53TVotXNsVJqnSkmn8XJJJCEkMnXYkCd0muLYrNddSlkok5lsMhJBWR9j1Wx9kxw1XjiVQUNGv8DreBdP8WCTWglbOUvuS9EWr6LYr80ug4KAjtY6PJrcTdHLFcneYAb/hDVzblYDe7yRyHEa6Qz/vVIZ27Y40oEAU/AYMF5038JwZZ/fruiJ5DrVf5LneMmNo7nFaBI0VnUdT2LFdU3pdfU0VQb5U3pqzWu1oCSZSD9lJopTWC+aQ0RuBLhs3Pm5v3TWtbdttquJSMzbUj+iZjyIhI2lNUZQZ/Z4UE1wzP9WbxWq1Whz2RCrh95eIF53Hrfg6EmwYZvTscnPG5ZAUnceJvp372pdZfdfMNq+xmEQoMTgfvXNT2TKvd156/+1B0PD2hCMZdu9dWGb2P/SbFMUQKDoPn4tDBGVFWIMos3tYGpsyjaGYKfhQR7ZPbdBFoOzQhzShD+VBJjU7NSF66Uledukla9RSyHG+lnxHVwVJ6CbDo+zWD9iotXCtnqOzqIeuiJ7YYY1GwzDbMHiF1cbtTkZjMgpK0ETnwK79Q28ou/fltkbZy17gyv9ku/paQ+iQh146orcMpc0+QmjEbLVeberxaTqdnr7q86LR6Xyp4HRRxJ1otV34v6VzOdPRMOylbXULe29wr1sJvCVCNXaol9dunPc/aYT0qiD7cfZxjF7RMEzq05YCS1FsMN0vdmXRfAu93S1qenn3NYM3hvL+V6nQCZH6CIveCF4Zymq5ZkFliK+DrKa4LFqGwmYfWYg1saAw2/a5qK4MX7dMW1NbqqLV3xa84sowmo3cBVyHOQYTkXyXgCvDjmJNDMFwKQfh+nU5uDHs49IPoVqLBLvMzohh3BgObB8ybgASCX2y0K/40HeGXU12cVhdHEK3Yz3qfX3ecGf4ygvjAaOGB3JHzvY736LcF74ZymLEOsNoVR4/vmZ3Y/F8dqoPO/M6esWT4cuEUx+2Fc91axvX1c1M/tLXPRimNbt+IzwY9mHW+pV4MuzBNPkr8WTYn875uwAY4n5cfwaQ4fzPMxxMX6lj/BQQwz+5FTHDweLfiDb/Eg5DrhzbG8Nl2KsR6FfAY5gaVPnr4TP8awuVYNinOfYXgGL4ty4NkuHg9Gq7zT8EzTA1Hv43g2HYFkj/I/oiy3AwiURIvgt4hm3Dl7+wVEMM21SB91+qYYaD+eElduh/iQjDBh/DbnHWP404w8Hg66IkQXe/FBKGDeqLUXzO5K+GkGGD03lZtCbqRtx5qwmVM2wx+aw3q916K2w9+CtQ/g9PVcTaV5cykwAAAABJRU5ErkJggg==",212,33,control
18,Elizabeth Scott,https://plus.unsplash.com/premium_photo-1669882305273-674eff6567af?ixlib=rb-4.0.3&ixid=MnwxMjA3fDB8MHxwaG90by1wYWdlfHx8fGVufDB8fHx8&auto=format&fit=crop&w=987&q=80,Account Manager at Datadog | CleanData,6 Tage,"On May 23rd, Datadog is teaming up with AWS and HashiCorp for a hands-on workshop in London to share how you can leverage Datadog and HashiCorp to gain real-time visibility into the health and performance of their applications and infrastructure. In-person space is limited, online streaming is available.","data:image/jpeg;base64,/9j/4AAQSkZJRgABAQAAAQABAAD/2wCEAAkGBw0PDQ0QDw8NEA4PDxAQDQ8PDhAODg8OFREXFxURFRgYHSoiGB8lGxUTITEhKCkrLi4uFx8zODMsNygtLisBCgoKDg0OFxAQFyseHyUrKy0tKy0uMCsrLSstLSstLS0tLSstKy0tLS0tLS0tLTctLSs3Ny0tKzctLSsrLS0tN//AABEIAMgAyAMBEQACEQEDEQH/xAAbAAEAAwEBAQEAAAAAAAAAAAAAAQMEBQIGB//EADwQAAIBAwIBBgoJBAMAAAAAAAABAgMEEQUSIRMxQVKR0QYVIjJRU2FxkrEUMzRyc6Oy0uFCVKHxNYHC/8QAGgEBAQADAQEAAAAAAAAAAAAAAAEDBAUCBv/EACsRAQACAgEDAgUEAwEAAAAAAAABAgMEEQUSEyExFBVBUoEiM1GRQlNhMv/aAAwDAQACEQMRAD8A/cQAAAAAAAAAAAAAAAAAAAAAAAAAAAAAAAAAAAAAAAAAAAAAAAAAAAAAAAAAAAAAAAAAAAAAAAAAAAAAAAAAAAAAAAAAAAAAAAAAAAAAAAAAAAAAAAAAAAAAAAAAAAAAAAAAAAAAAAAAAAAAAAAAAAAAAAAAAAAAAAAAAAAAAAAAAAAAAAAAAAAAAAAAAAAAAAAAAAAAAAAAAAAAAAAAAAAAAAAAAAAAAAAAAAAAAAAAAAAAAAAAAAAAAAAAAAAAAAAAAAAAAAAAAAAAAAAAAAAAAAAAAAAAAAAAABBBIACAJAFAAAAAAAAgFAAAAggkoAAAAAAAzXV7RpfWTjH0Lp7DWzbWLFP67DN49tPWr4Z9xr/NdX6XDx7aetXwz7h801Z9rqvrX9GEI1JTxCWNrxLjlZRsX28VKd9p9BfSqKUYyi8qSTT9KfMzNjyReOYRYewAAAAAABBBnu7ylRSdSW1N4XBvj6OBgz7GPDHOSRm8e2nrV8M+41vmut9y8Hj209avhn3D5rrfccJp61ayaSqrL5sqUfmj1XqetaeIsjoI3azExzAk9AAAAAAAD5KlSjW1GpGp5UU5rDb/AKVwR8pSkZt7i/qrueJLT1Ue2XedqOma32oeJbX1Ue2XeX5Zrc8xUYPCqmo29KMVhRqJJdCW2XA0Or0iuKtYhXU0r7NQ/Ch+lHT0p4wV5GjlY9aPajNGak/WEFVj1o9qLGbH7RI9mTn6jzysetHtRj8tP5BVI+ldqEZaT7SJlJLnaXveD3Nq195HnlY9aPajx5qR9QVWPWj2oeak/UcTwv8Aqaf4n/lnG63646qvsNItpUaUpUk5OEXJ5lxe1GbW6fr2xV/SL/Etr6qPbLvNj5XrfaOV4RabQpUVKnBRlvSym+bDOX1TTw4aRakcDs6PJu2ot9RHX0Lc4KyS08rHrR7UbPlp/KJVWPWj2okZqc+4y6rf/R6e/bu8pRxnHP8A6MG3t/D075jkXW9xGcYSyk5RTxlNrKzgyYtimSvMTxyLZSSXHgZrWiscyPPKx60e1HjzY/5VMZp8zT9zyeq5K29pR8xpv/JVPvVPmfNavPx6vqT6dElHB8LvqKf4i/TI4XW+fHVYU6pUa063w2sxpJ46Vszj5GHavaupWIGGlDTdsd06u7C3cHz9PQalI1OObTPP5Hm5hp+yXJyq78PbnON3R0HnNGpFeaTPd+R2LTUI0rGlOpueU4pLnfF4XYjq4NuMWnE3HG5O3fH6Pdcfb/BypjHeOeyf7FVzCioNwpXEJcMSk/JX+DFm7a15pWYHR1eo5WFtKTy245b6XtfE3tu831aWmfcbafg5buKb5TOF/Uu43cXSsVscTMyM+qaHQpUKk4790UsZlnjkwbvTqYsM5KT6wMupzcrC1beXuxnpwlI1Nq9ramOZH0mmfZ6P4cP0o+i0v2ao1GyOJ4V/Z19+PyZxut/srCy0vIULKlOecbUklxbfoPeDYrg1K2kcGUbeTb+j3Ly85T9P/RxrTS/r2TP5FdeFFQk40biMkuEpPgvbzGLL2xXmKzH5G++qynptFyeXvSz7tyN7Nktk0azI36botBKjVW/fiM/O4Zwb+l0/HWK3j3DXr2l9RKNSbeJNQ51h/wAE6jtY4nwzHI4vJW/9vddv8HH4xz/hP9qijOMLig6UK1PM0pb35ybSwv8AJ5rknHlr2xMQOpe6XcQuHXt8NvLcW0mm1x5zp7Ohnpm8uBDlNV6kfy+8nf1P61DldV6kfy+8Vt1KZ54F2tWletbUko5qKUZTScVjyWn0+lmfe18+fFX09R6vdOqVLKlTSxUhGGYt9KjhrKGxpXvqxT6jJCnfJJfRLd4SWWoZeF941KYdusRXxLytt4XbnHfa26hlbmlHKj0vzjPix7Hkjvxehy067p0qtKCpKKcJZUeEU16DP1DUvlpEY49kUK41P1FL4l+8wUtvR6eMU3q1GrTlTlQpqMsZxKOeDz0y9hiz03s2OaTjHq+06vKzoU4wzUi1uW6PDg/b7T3m1Ms69KdvrA79JYjFexHcx17axCMmr0J1LepCCzJpYWUs8UzW38V8uC1a+6uTeaZXlZ29NQzUhJuS3R4Lyvb7UcnPo57ataVr6wIo+NIRjGNOOIpRXGnzJY9JMUdRpHHaPfK6t1I/l9577+pc/wDkUXVrqNdKFSMVHKecwXbh+8wZcG/sTFclfQdDUtLlK0p0oNOVPa1nhuaWH82dDZ0bW14x094FNOtqcYpKhSwkl5y/eYKTvVrFfH7Cu6epVIShKhTSksPDjn9Z4z13stJp4xa9LqysIUmttSL3YbT47m+de8zfA5Pg4xzH6hNnU1CLpwlRpqmtsZPKb2rhnzi61t2nFZp6DzqNlcxulXoxjPycYbSw8Y6WjxtaueNjzUryPX0nU/7el8S/eWcm7/rVmrW99Wq0JVKMYqnJPyZR5spvPlP0Gtl19vNes2pxwj6Y+lQAAQBI9hAAAAHAASBAEgAAAoggCBIEASBA5EgAIH/RJQAAAAAAAAAAAAAAAAAAAAAAAAAAAAAAAAAAAAAAAAAAAAAAAAAAAAAAAAAAAAAAAAAAAAAAAAAAAAAAAAAAAAAAAAAAAAAAAAAAAAAAAAAAAAAAAAAAAAAAAAAAAAAAAAAAAAAAAAAAAAAAAAAAAAAAAAAAAAAAAAAAAAAAAAAAAAAAAAAAAAAAAAAAAAAAAAAAAAAAAAAAAAAAAAAAAAAAAAAAAAAAAAAAAAAAAAAAAAAAAAAAAAAAAAAAAAAAAAAAAAAf/9k=",180,94,control
19,Frederick King,https://images.unsplash.com/flagged/photo-1570612861542-284f4c12e75f?ixlib=rb-4.0.3&ixid=MnwxMjA3fDB8MHxwaG90by1wYWdlfHx8fGVufDB8fHx8&auto=format&fit=crop&w=2070&q=80,Geology Professor at University of Zurich,6 Tage,"Political debate is vital for a functioning democracy. And when it comes to complex issues such as climate change, scientists should be able to share their expertise and help shape opinion.<br><br>#climate #ClimateChange #Future #Science",https://plus.unsplash.com/premium_photo-1663040233844-73be66819dd2?ixlib=rb-4.0.3&ixid=MnwxMjA3fDB8MHxzZWFyY2h8N3x8ZGViYXRlfGVufDB8fDB8fA%3D%3D&auto=format&fit=crop&w=900&q=60,94,17,control
20,Gabriella Maria Stone,https://images.unsplash.com/photo-1499952127939-9bbf5af6c51c?ixlib=rb-4.0.3&ixid=MnwxMjA3fDB8MHxwaG90by1wYWdlfHx8fGVufDB8fHx8&auto=format&fit=crop&w=2076&q=80,Finance Blogger | Independent Finance ,1 Woche,"Nothing in this week's inflation measures would derail a 25 basis point hike by the Federal Reserve next week or, indeed, possibly another one after that (though the Fed has not signaled the latter).<br><br>What complicates the policy outlook, however, is the conflicting data on the other elements of the TRI-lemma: economic activity and financial stability.<br><br>#economy #markets #econtwitter #centralbanks #Fed #FederalReserve",https://plus.unsplash.com/premium_photo-1678824564383-e9ef518a1d54?ixlib=rb-4.0.3&ixid=MnwxMjA3fDB8MHxwaG90by1wYWdlfHx8fGVufDB8fHx8&auto=format&fit=crop&w=987&q=80,118,49,control
21,Switzerland Global Enterprise,https://scontent-zrh1-1.xx.fbcdn.net/v/t39.30808-6/265327716_422469666245865_1426107488912604461_n.jpg?_nc_cat=107&ccb=1-7&_nc_sid=09cbfe&_nc_ohc=WiUqlfnkXU0AX_Qe_Dn&_nc_ht=scontent-zrh1-1.xx&oh=00_AfBQzFxvn82SUUNm_sTCIMqoENETSyPqqHC02C9UvXQKkw&oe=6458B5C5,43.110 Follower:innen,23 Min.,30 countries with local experts + consultants from Switzerland will support your expansion abroad. We offer customised support with end-to-end solutions.,https://images.unsplash.com/photo-1665686306574-1ace09918530?ixlib=rb-4.0.3&ixid=MnwxMjA3fDB8MHxwaG90by1wYWdlfHx8fGVufDB8fHx8&auto=format&fit=crop&w=3087&q=80,209,34,control
22,Uhlmann Pac-Systeme,https://scontent-zrh1-1.xx.fbcdn.net/v/t39.30808-6/213829396_2328259093978014_5791244843788501194_n.jpg?_nc_cat=108&ccb=1-7&_nc_sid=09cbfe&_nc_ohc=WScW-ZgW3TgAX_Z0LyM&_nc_ht=scontent-zrh1-1.xx&oh=00_AfDFXcgPxDOEnq4thBkiJxd6L_Qv_XRjSOrBs_dzZXgOrQ&oe=64587477,11.113 Follower:innen,4 Std.,"Experience smart, efficient, and sustainable solutions for your pharma packaging by Uhlmann Pac-Systeme.",https://images.unsplash.com/photo-1532187863486-abf9dbad1b69?ixlib=rb-4.0.3&ixid=MnwxMjA3fDB8MHxwaG90by1wYWdlfHx8fGVufDB8fHx8&auto=format&fit=crop&w=2070&q=80,104,52,control
23,Migros-Gruppe,https://scontent-zrh1-1.xx.fbcdn.net/v/t1.6435-9/203884977_10158082440322724_7517088766866108725_n.jpg?_nc_cat=103&ccb=1-7&_nc_sid=09cbfe&_nc_ohc=qo57GvX0eAYAX8Y4hJU&_nc_ht=scontent-zrh1-1.xx&oh=00_AfCrYihAd0wE1HnNJLz1j7ycGcGudI26Jr9S4p1m5POJUw&oe=647AC0A9,201.234 Follower:innen,2 Tage,"Gerade ist der Startschuss für die neue, umfassende Kampagne ""Migros macht meh für d'Schwiiz"" gefallen.",https://www.werbewoche.ch/wp-content/uploads/2023/04/1029-035-23-011_OOH_F24_Fresspaeckli.jpg,198,17,control
24,Raiffeisen Gruppe,https://scontent-zrh1-1.xx.fbcdn.net/v/t39.30808-6/275950313_7169610646442465_3973516643030124204_n.jpg?_nc_cat=111&ccb=1-7&_nc_sid=09cbfe&_nc_ohc=OZyeTV68fmMAX8q5IEo&_nc_ht=scontent-zrh1-1.xx&oh=00_AfD9gfwT0NMKyzYo3ogPzN-PE-_T7wJrOKqhPnRD2it6zQ&oe=64576E53,35.616 Follower:innen,1 Woche,"Die Vismara & Co. SA verkauft grosse Mengen an Altmetall nach Italien. Dieses #Exportgeschäft bringt Liquiditäts- und Währungsrisiken mit sich. Doch der direkte Zugang zum #Devisenmarkt via DAC ermöglicht es, dass sich das Tessiner Recyclingunternehmen absichern kann. #fürKMUvonKMU",https://images.unsplash.com/photo-1509024368907-57294758cfc5?ixlib=rb-4.0.3&ixid=MnwxMjA3fDB8MHxwaG90by1wYWdlfHx8fGVufDB8fHx8&auto=format&fit=crop&w=2231&q=80,201,39,control