id;user_name;user_image;user_role;time_passed;text;media;likes_count;comments_count;group
1;Alexander Knight;https://universitaetstgallen-my.sharepoint.com/personal/jan_krummenacher_student_unisg_ch/_layouts/15/onedrive.aspx?id=%2Fpersonal%2Fjan%5Fkrummenacher%5Fstudent%5Funisg%5Fch%2FDocuments%2FAIBS%5FMedia%2Fpexels%2Dchristina%2Dmorillo%2D1181391%2Ejpg&parent=%2Fpersonal%2Fjan%5Fkrummenacher%5Fstudent%5Funisg%5Fch%2FDocuments%2FAIBS%5FMedia;Investment Banking Analyst at Goldman Sachs | HSG MBF;5 Min. ;I am thrilled to share that I have recently joined Goldman Sachs as a IB Analyst! After graduating from the University of St. Gallen, I am excited to take on this new challenge and grow my career with a company that aligns with my values and interests.<br><br>#Goldman #IB #banking #Achievement;https://universitaetstgallen-my.sharepoint.com/:i:/r/personal/jan_krummenacher_student_unisg_ch/Documents/AIBS_Media/GS.jpeg?csf=1&web=1&e=kXjz32;376;42;treatment
2;Amelia Sophie Patel;https://universitaetstgallen-my.sharepoint.com/personal/jan_krummenacher_student_unisg_ch/_layouts/15/onedrive.aspx?login_hint=jan%2Ekrummenacher%40student%2Eunisg%2Ech&id=%2Fpersonal%2Fjan%5Fkrummenacher%5Fstudent%5Funisg%5Fch%2FDocuments%2FAIBS%5FMedia%2Fpexels%2Dmoose%2Dphotos%2D1036623%2Ejpg&parent=%2Fpersonal%2Fjan%5Fkrummenacher%5Fstudent%5Funisg%5Fch%2FDocuments%2FAIBS%5FMedia;Strategic Account Manager at Google | ex-Amazon | M.A. HSG MBI;2 Std.;I am thrilled to share that I have recently joined Google as a Strategic Account Manager in their Dublin Office! After months of hard work and dedication, I am beyond excited to start my career with one of the most innovative companies in the world.<br><br>#Googler #Success #NewRole;https://imageio.forbes.com/specials-images/imageserve/5dd67061e0af7b0006b1e5e1/The-Harvard-Business-School-Campus/960x0.jpg?format=jpg&width=960;210;1;treatment
3;Benjamin Carter;https://universitaetstgallen-my.sharepoint.com/personal/jan_krummenacher_student_unisg_ch/_layouts/15/onedrive.aspx?login_hint=jan%2Ekrummenacher%40student%2Eunisg%2Ech&id=%2Fpersonal%2Fjan%5Fkrummenacher%5Fstudent%5Funisg%5Fch%2FDocuments%2FAIBS%5FMedia%2Fpexels%2Ddinielle%2Dde%2Dveyra%2D4195342%2Ejpg&parent=%2Fpersonal%2Fjan%5Fkrummenacher%5Fstudent%5Funisg%5Fch%2FDocuments%2FAIBS%5FMedia;Incoming Business Analyst at McKinsey & Company | ex BCG;3 Std.;I am beyond excited to share that I have recently joined McKinsey & Company as an Associate Consultant in their Zurich Office! After years of hard work and dedication I‚Äôll start my career with one of the most respected consulting firms in the world.<br><br>#McKinsey #Consulting #HardWork #Success;https://universitaetstgallen-my.sharepoint.com/:i:/r/personal/jan_krummenacher_student_unisg_ch/Documents/AIBS_Media/NewRole.gif?csf=1&web=1&e=rvde4W;42;9;treatment
4;Caroline Cheng Park;https://universitaetstgallen-my.sharepoint.com/:i:/r/personal/jan_krummenacher_student_unisg_ch/Documents/AIBS_Media/pexels-emmy-e-2381069.jpg?csf=1&web=1&e=XaD5vw;Associate Consultant at Bain & Company | Strategy | Consulting | HSG & Harvard;22 Std.;So happy to share that I accepted an offer from Bain & Company as an Associate Consultant. I am excited to take on this new challenge after my studies at the University of St.Gallen and grow my career.<br><br>#Bain #Happy #NewRole;https://universitaetstgallen-my.sharepoint.com/:i:/r/personal/jan_krummenacher_student_unisg_ch/Documents/AIBS_Media/Amazon.jpeg?csf=1&web=1&e=d304s9;401;41;treatment
5;David Chang;https://universitaetstgallen-my.sharepoint.com/personal/jan_krummenacher_student_unisg_ch/_layouts/15/onedrive.aspx?login_hint=jan%2Ekrummenacher%40student%2Eunisg%2Ech&id=%2Fpersonal%2Fjan%5Fkrummenacher%5Fstudent%5Funisg%5Fch%2FDocuments%2FAIBS%5FMedia%2Fpexels%2Dmoose%2Dphotos%2D1036623%2Ejpg&parent=%2Fpersonal%2Fjan%5Fkrummenacher%5Fstudent%5Funisg%5Fch%2FDocuments%2FAIBS%5FMedia;Associate Strategy Manager at Procter & Gamble | CEMS;4 Tage;I am proud to announce that I have recently started in a new position as an Associate Strategy Manager at Procter & Gamble. After six years of hard work I am looking forward to this new challenge. <br><br>#P&G #Strategy #Achievement #Excited;https://universitaetstgallen-my.sharepoint.com/:i:/r/personal/jan_krummenacher_student_unisg_ch/Documents/AIBS_Media/NewRole.gif?csf=1&web=1&e=rvde4W;212;33;treatment
6;Elizabeth Scott;https://universitaetstgallen-my.sharepoint.com/personal/jan_krummenacher_student_unisg_ch/_layouts/15/onedrive.aspx?login_hint=jan%2Ekrummenacher%40student%2Eunisg%2Ech&id=%2Fpersonal%2Fjan%5Fkrummenacher%5Fstudent%5Funisg%5Fch%2FDocuments%2FAIBS%5FMedia%2Fpexels%2Dmoose%2Dphotos%2D1036623%2Ejpg&parent=%2Fpersonal%2Fjan%5Fkrummenacher%5Fstudent%5Funisg%5Fch%2FDocuments%2FAIBS%5FMedia;Operations Analyst at Amazon | GlobalShaper | Founder of FasterX;6 Tage;I am excited to share that I have recently started my career with Amazon as an Operations Analyst! I am thrilled to be part of such a dynamic and innovative company, and I can't wait to contribute to the success of the team.<br><br>#Amazon #NewChallenge #Analyst;https://universitaetstgallen-my.sharepoint.com/:i:/r/personal/jan_krummenacher_student_unisg_ch/Documents/AIBS_Media/Amazon.jpeg?csf=1&web=1&e=d304s9;180;94;treatment
7;Frederick King;https://universitaetstgallen-my.sharepoint.com/:i:/r/personal/jan_krummenacher_student_unisg_ch/Documents/AIBS_Media/pexels-emmy-e-2381069.jpg?csf=1&web=1&e=XaD5vw;Incoming Research Analyst at JPMorgan Chase & Co. | Banking | HSG MBF;6 Tage;I am thrilled to share that I will be starting my career with JPMorgan Chase & Co. as an Incoming Research Analyst! I am honored to be part of such a renowned financial institution. I also want to take this chance to thank all the people that have supported me along the way. ;https://media.licdn.com/media/AAYQAQQSAAgAAQAAAAAAABgBrZ2daanMQJ-egBdqUfzcNg.gif;94;17;treatment
8;Gabriella Maria Stone;https://universitaetstgallen-my.sharepoint.com/personal/jan_krummenacher_student_unisg_ch/_layouts/15/onedrive.aspx?login_hint=jan%2Ekrummenacher%40student%2Eunisg%2Ech&id=%2Fpersonal%2Fjan%5Fkrummenacher%5Fstudent%5Funisg%5Fch%2FDocuments%2FAIBS%5FMedia%2Fpexels%2Dmoose%2Dphotos%2D1036623%2Ejpg&parent=%2Fpersonal%2Fjan%5Fkrummenacher%5Fstudent%5Funisg%5Fch%2FDocuments%2FAIBS%5FMedia;Associate at BCG | Forbes 30 under 30;1 Woche;I am beyond excited to share that I have recently joined BCG as an Associate in their Zurich Office!<br><br>#MorganStanley #Banking #HardWork #Success;https://universitaetstgallen-my.sharepoint.com/:i:/r/personal/jan_krummenacher_student_unisg_ch/Documents/AIBS_Media/Amazon.jpeg?csf=1&web=1&e=d304s9;118;49;treatment
9;Harvard Business School;https://universitaetstgallen-my.sharepoint.com/:i:/r/personal/jan_krummenacher_student_unisg_ch/Documents/AIBS_Media/HarvardBS.jpeg?csf=1&web=1&e=Bmjhef;2. Mio. Follower:innen;22 Min.;Short Intensive Programs (SIPs) are courses that offer a great opportunity for students to think about career choices, gain practical skills, and explore new topics. These are no-fee, no-credit courses over winter break open to both first-year and second-year students.<br><br>We interviewed Tricia Peralta and Matthew Glynn (both MBA 2024) about their experiences with SIPs, taking a closer look at their time in the Spiritual Lives of Leaders and Personal Finance courses.;https://universitaetstgallen-my.sharepoint.com/:i:/r/personal/jan_krummenacher_student_unisg_ch/Documents/AIBS_Media/Wharton.jpeg?csf=1&web=1&e=0ARgRu;209;34;treatment
10;The Wharton School;https://universitaetstgallen-my.sharepoint.com/:i:/r/personal/jan_krummenacher_student_unisg_ch/Documents/AIBS_Media/Wharton.jpeg?csf=1&web=1&e=0ARgRu;582.528 Follower:innen;1 Std.;üéì As graduation draws near, soon-to-be #WhartonGrad Olivia Black (W‚Äô23) recounts the highlights of her time at the University of Pennsylvania, including traditions like Hey Day, immersive learning experiences, and resources like;https://universitaetstgallen-my.sharepoint.com/:i:/r/personal/jan_krummenacher_student_unisg_ch/Documents/AIBS_Media/Wharton.jpeg?csf=1&web=1&e=0ARgRu;104;52;treatment
11;Harvard Business Review;https://universitaetstgallen-my.sharepoint.com/:i:/r/personal/jan_krummenacher_student_unisg_ch/Documents/AIBS_Media/HBR.jpeg?csf=1&web=1&e=agpREH;635 Follower:innen;5 Tage;"Always include a cover letter and don't address it ""To whom this may concern.""";https://universitaetstgallen-my.sharepoint.com/:i:/r/personal/jan_krummenacher_student_unisg_ch/Documents/AIBS_Media/HBR_Post.jpeg?csf=1&web=1&e=ujroys;198;17;treatment
12;Forbes;https://universitaetstgallen-my.sharepoint.com/:i:/r/personal/jan_krummenacher_student_unisg_ch/Documents/AIBS_Media/Forbes_Post.jpeg?csf=1&web=1&e=5Dn21O;18. Mio. Follower:innen;2 Wochen;Lorenzo Linguerri started one of Italy‚Äôs first online universities at age 28 and sold it for more than $1 billion fifteen years later. Now the 45-year-old entrepreneur is trying to reinvent himself‚Äîand figure out what to do with his newfound fortune.;https://universitaetstgallen-my.sharepoint.com/:i:/r/personal/jan_krummenacher_student_unisg_ch/Documents/AIBS_Media/Forbes_Post.jpeg?csf=1&web=1&e=5Dn21O;201;39;treatment
13;Alexander Knight;https://universitaetstgallen-my.sharepoint.com/personal/jan_krummenacher_student_unisg_ch/_layouts/15/onedrive.aspx?id=%2Fpersonal%2Fjan%5Fkrummenacher%5Fstudent%5Funisg%5Fch%2FDocuments%2FAIBS%5FMedia%2Fpexels%2Dchristina%2Dmorillo%2D1181391%2Ejpg&parent=%2Fpersonal%2Fjan%5Fkrummenacher%5Fstudent%5Funisg%5Fch%2FDocuments%2FAIBS%5FMedia;Tech Enthusiast | Croudstrike;5 Min. ;The end of stock photo platforms is near! üíÄ<br><br>For our latest blog entries, I used Midjourney version 5 to generate high-quality photographs. üì∏<br><br>Result: You couldn‚Äôt tell the difference between the AI-generated image and a stock photo from Pexel. ü§ñ;https://universitaetstgallen-my.sharepoint.com/:i:/r/personal/jan_krummenacher_student_unisg_ch/Documents/AIBS_Media/Control_Knight_Post.jpeg?csf=1&web=1&e=7avZvs;376;42;control
14;Amelia Sophie Patel;https://universitaetstgallen-my.sharepoint.com/personal/jan_krummenacher_student_unisg_ch/_layouts/15/onedrive.aspx?login_hint=jan%2Ekrummenacher%40student%2Eunisg%2Ech&id=%2Fpersonal%2Fjan%5Fkrummenacher%5Fstudent%5Funisg%5Fch%2FDocuments%2FAIBS%5FMedia%2Fpexels%2Dmoose%2Dphotos%2D1036623%2Ejpg&parent=%2Fpersonal%2Fjan%5Fkrummenacher%5Fstudent%5Funisg%5Fch%2FDocuments%2FAIBS%5FMedia;PM @ Manna Drones |  Last MILE;2 Std.;"Yes, Coke (Coca-Cola HBC) really is investing in a drone company. This is the beginning of how a company truly ""techquifies"" itself - to go faster for its customers and become more valuable to them. And to grow revenue and lower costs while reducing carbon emissions.";https://universitaetstgallen-my.sharepoint.com/:i:/r/personal/jan_krummenacher_student_unisg_ch/Documents/AIBS_Media/Control_Patel_Post.jpeg?csf=1&web=1&e=27ihnS;210;1;control
15;Benjamin Carter;https://universitaetstgallen-my.sharepoint.com/personal/jan_krummenacher_student_unisg_ch/_layouts/15/onedrive.aspx?login_hint=jan%2Ekrummenacher%40student%2Eunisg%2Ech&id=%2Fpersonal%2Fjan%5Fkrummenacher%5Fstudent%5Funisg%5Fch%2FDocuments%2FAIBS%5FMedia%2Fpexels%2Ddinielle%2Dde%2Dveyra%2D4195342%2Ejpg&parent=%2Fpersonal%2Fjan%5Fkrummenacher%5Fstudent%5Funisg%5Fch%2FDocuments%2FAIBS%5FMedia;Marketeer at BeyondBand;3 Std.;One of the most underrated branding tools: the shop window (always in 3D+ even without a Meta Quest 2 VR headset üòÄ).<br><br>See the excellent Lanc√¥me example below.<br><br>Where experienced? Champes-Elysees, Paris.;https://universitaetstgallen-my.sharepoint.com/:i:/r/personal/jan_krummenacher_student_unisg_ch/Documents/AIBS_Media/Control_Carter_Post.jpeg?csf=1&web=1&e=18PAc3;42;9;control
16;Caroline Cheng Park;https://universitaetstgallen-my.sharepoint.com/:i:/r/personal/jan_krummenacher_student_unisg_ch/Documents/AIBS_Media/pexels-emmy-e-2381069.jpg?csf=1&web=1&e=XaD5vw;Service Sales at Schneider Electric;22 Std.;We enable Building Services designed to achieve your individual goals https://lnkd.in/ed5zcGCe<br><br>For this purpose, we have brought together our #agile development teams to form a #solutiontrain<br><br>Together we have one goal: A tailored #datadriven #service program designed to meet your goals and be your trusted partner on your journey as you move from a reactive to a proactive approach.;https://universitaetstgallen-my.sharepoint.com/:i:/r/personal/jan_krummenacher_student_unisg_ch/Documents/AIBS_Media/Control_Park_Post.jpeg?csf=1&web=1&e=AX2BKA;401;41;control
17;David Chang;https://universitaetstgallen-my.sharepoint.com/personal/jan_krummenacher_student_unisg_ch/_layouts/15/onedrive.aspx?login_hint=jan%2Ekrummenacher%40student%2Eunisg%2Ech&id=%2Fpersonal%2Fjan%5Fkrummenacher%5Fstudent%5Funisg%5Fch%2FDocuments%2FAIBS%5FMedia%2Fpexels%2Dmoose%2Dphotos%2D1036623%2Ejpg&parent=%2Fpersonal%2Fjan%5Fkrummenacher%5Fstudent%5Funisg%5Fch%2FDocuments%2FAIBS%5FMedia;Master Student;4 Tage;Wie schlau ist ChatGPT? Maschine ü§ñ gegen Mensch üôã‚Äç‚ôÄÔ∏è. Wer gewinnt?<br><br>Wie gut schneidet ChatGPT bei universit√§ren Pr√ºfungen ab?<br><br>GPT-4 hat deutliche Fortschritte gg√º. GPT-3.5 gemacht.<br><br>Sorry, ich gebs zu. Bei diesen Pr√ºfungen ist ChatGPT kl√ºger als ich.;https://universitaetstgallen-my.sharepoint.com/:i:/r/personal/jan_krummenacher_student_unisg_ch/Documents/AIBS_Media/Control_Chang_Post.jpeg?csf=1&web=1&e=yWGAgv;212;33;control
18;Elizabeth Scott;https://universitaetstgallen-my.sharepoint.com/personal/jan_krummenacher_student_unisg_ch/_layouts/15/onedrive.aspx?login_hint=jan%2Ekrummenacher%40student%2Eunisg%2Ech&id=%2Fpersonal%2Fjan%5Fkrummenacher%5Fstudent%5Funisg%5Fch%2FDocuments%2FAIBS%5FMedia%2Fpexels%2Dmoose%2Dphotos%2D1036623%2Ejpg&parent=%2Fpersonal%2Fjan%5Fkrummenacher%5Fstudent%5Funisg%5Fch%2FDocuments%2FAIBS%5FMedia;Account Manager at Datadog | CleanData;6 Tage;On May 23rd, Datadog is teaming up with AWS and HashiCorp for a hands-on workshop in London to share how you can leverage Datadog and HashiCorp to gain real-time visibility into the health and performance of their applications and infrastructure. In-person space is limited, online streaming is available.;https://universitaetstgallen-my.sharepoint.com/:i:/r/personal/jan_krummenacher_student_unisg_ch/Documents/AIBS_Media/Control_Scott_Post.jpeg?csf=1&web=1&e=eokGZb;180;94;control
19;Frederick King;https://universitaetstgallen-my.sharepoint.com/:i:/r/personal/jan_krummenacher_student_unisg_ch/Documents/AIBS_Media/pexels-emmy-e-2381069.jpg?csf=1&web=1&e=XaD5vw;Geology Professor at University of Zurich;6 Tage;Political debate is vital for a functioning democracy. And when it comes to complex issues such as climate change, scientists should be able to share their expertise and help shape opinion.<br><br>#climate #ClimateChange #Future #Science;https://universitaetstgallen-my.sharepoint.com/:i:/r/personal/jan_krummenacher_student_unisg_ch/Documents/AIBS_Media/Control_King_Post.png?csf=1&web=1&e=5PWyOB;94;17;control
20;Gabriella Maria Stone;https://universitaetstgallen-my.sharepoint.com/personal/jan_krummenacher_student_unisg_ch/_layouts/15/onedrive.aspx?login_hint=jan%2Ekrummenacher%40student%2Eunisg%2Ech&id=%2Fpersonal%2Fjan%5Fkrummenacher%5Fstudent%5Funisg%5Fch%2FDocuments%2FAIBS%5FMedia%2Fpexels%2Dmoose%2Dphotos%2D1036623%2Ejpg&parent=%2Fpersonal%2Fjan%5Fkrummenacher%5Fstudent%5Funisg%5Fch%2FDocuments%2FAIBS%5FMedia;Finance Blogger | Independent Finance ;1 Woche;Nothing in this week's inflation measures would derail a 25 basis point hike by the Federal Reserve next week or, indeed, possibly another one after that (though the Fed has not signaled the latter).<br><br>What complicates the policy outlook, however, is the conflicting data on the other elements of the TRI-lemma: economic activity and financial stability.<br><br>#economy #markets #econtwitter #centralbanks #Fed #FederalReserve;https://universitaetstgallen-my.sharepoint.com/:i:/r/personal/jan_krummenacher_student_unisg_ch/Documents/AIBS_Media/Control_Stone_Post.jpeg?csf=1&web=1&e=CdpRvO;118;49;control
21;Switzerland Global Enterprise;https://universitaetstgallen-my.sharepoint.com/:i:/r/personal/jan_krummenacher_student_unisg_ch/Documents/AIBS_Media/Control_Carter_Post.jpeg?csf=1&web=1&e=18PAc3;43.110 Follower:innen;23 Min.;30 countries with local experts + consultants from Switzerland will support your expansion abroad. We offer customised support with end-to-end solutions.;https://universitaetstgallen-my.sharepoint.com/:i:/r/personal/jan_krummenacher_student_unisg_ch/Documents/AIBS_Media/Switrzerland_Global_Enterprise_Post.jpeg?csf=1&web=1&e=nAA4Me;209;34;control
22;Uhlmann Pac-Systeme;https://universitaetstgallen-my.sharepoint.com/:i:/r/personal/jan_krummenacher_student_unisg_ch/Documents/AIBS_Media/UPSysteme.jpeg?csf=1&web=1&e=0cfGWL;11.113 Follower:innen;4 Std.;Experience smart, efficient, and sustainable solutions for your pharma packaging by Uhlmann Pac-Systeme.;https://universitaetstgallen-my.sharepoint.com/:i:/r/personal/jan_krummenacher_student_unisg_ch/Documents/AIBS_Media/Uhlmann_Post.jpeg?csf=1&web=1&e=rDltrD;104;52;control
23;Migros-Gruppe;https://universitaetstgallen-my.sharepoint.com/:i:/r/personal/jan_krummenacher_student_unisg_ch/Documents/AIBS_Media/Migros.jpeg?csf=1&web=1&e=fD8aIa;201.234 Follower:innen;2 Tage;"Gerade ist der Startschuss f√ºr die neue, umfassende Kampagne ""Migros macht meh f√ºr d‚ÄôSchwiiz"" gefallen (wir haben berichtet).";https://universitaetstgallen-my.sharepoint.com/:i:/r/personal/jan_krummenacher_student_unisg_ch/Documents/AIBS_Media/Migros_Post.jpeg?csf=1&web=1&e=x3JK4g;198;17;control
24;Raiffeisen Gruppe;https://universitaetstgallen-my.sharepoint.com/:i:/r/personal/jan_krummenacher_student_unisg_ch/Documents/AIBS_Media/Raiffeisen.jpeg?csf=1&web=1&e=evh2R6;35.616 Follower:innen;1 Woche;Die Vismara & Co. SA verkauft grosse Mengen an Altmetall nach Italien. Dieses #Exportgesch√§ft bringt Liquidit√§ts- und W√§hrungsrisiken mit sich. Doch der direkte Zugang zum #Devisenmarkt via DAC erm√∂glicht es, dass sich das Tessiner Recyclingunternehmen absichern kann. #f√ºrKMUvonKMU;https://universitaetstgallen-my.sharepoint.com/:i:/r/personal/jan_krummenacher_student_unisg_ch/Documents/AIBS_Media/Raiffeisen_Post.jpeg?csf=1&web=1&e=vYjBdb;201;39;control